file,line,type,commit,author,date,time,timezone,datetime,depth,length
style.css,1,css,dfe7382c,Song Su,2026-04-10,00:49:22,-07:00,2026-04-10T00:49:22-07:00,0,4
style.css,2,css,dfe7382c,Song Su,2026-04-10,00:49:22,-07:00,2026-04-10T00:49:22-07:00,1,44
style.css,3,css,dfe7382c,Song Su,2026-04-10,00:49:22,-07:00,2026-04-10T00:49:22-07:00,0,0
style.css,4,css,dfe7382c,Song Su,2026-04-10,00:49:22,-07:00,2026-04-10T00:49:22-07:00,0,3
style.css,5,css,ebabdb4c,Song Su,2026-04-17,16:14:39,-07:00,2026-04-17T16:14:39-07:00,1,32
style.css,6,css,ebabdb4c,Song Su,2026-04-17,16:14:39,-07:00,2026-04-17T16:14:39-07:00,1,23
style.css,7,css,dfe7382c,Song Su,2026-04-10,00:49:22,-07:00,2026-04-10T00:49:22-07:00,0,0
style.css,8,css,84dbf6fe,Song Su,2026-03-30,20:26:05,-07:00,2026-03-30T20:26:05-07:00,0,4
style.css,9,css,84dbf6fe,Song Su,2026-03-30,20:26:05,-07:00,2026-03-30T20:26:05-07:00,1,43
style.css,10,css,84dbf6fe,Song Su,2026-03-30,20:26:05,-07:00,2026-03-30T20:26:05-07:00,0,42
style.css,11,css,84dbf6fe,Song Su,2026-03-30,20:26:05,-07:00,2026-03-30T20:26:05-07:00,0,0
style.css,12,css,84dbf6fe,Song Su,2026-03-30,20:26:05,-07:00,2026-03-30T20:26:05-07:00,1,23
style.css,13,css,7f29dd2e,Song Su,2026-04-09,12:19:46,-07:00,2026-04-09T12:19:46-07:00,1,15
style.css,14,css,dfe7382c,Song Su,2026-04-10,00:49:22,-07:00,2026-04-10T00:49:22-07:00,1,42
style.css,15,css,7f29dd2e,Song Su,2026-04-09,12:19:46,-07:00,2026-04-09T12:19:46-07:00,1,11
style.css,16,css,7f29dd2e,Song Su,2026-04-09,12:19:46,-07:00,2026-04-09T12:19:46-07:00,0,0
style.css,17,css,ebabdb4c,Song Su,2026-04-17,16:14:39,-07:00,2026-04-17T16:14:39-07:00,0,7
style.css,18,css,dfe7382c,Song Su,2026-04-10,00:49:22,-07:00,2026-04-10T00:49:22-07:00,0,3
style.css,19,css,dfe7382c,Song Su,2026-04-10,00:49:22,-07:00,2026-04-10T00:49:22-07:00,1,12
style.css,20,css,dfe7382c,Song Su,2026-04-10,00:49:22,-07:00,2026-04-10T00:49:22-07:00,1,17
style.css,21,css,dfe7382c,Song Su,2026-04-10,00:49:22,-07:00,2026-04-10T00:49:22-07:00,1,23
style.css,22,css,dfe7382c,Song Su,2026-04-10,00:49:22,-07:00,2026-04-10T00:49:22-07:00,1,25
style.css,23,css,ebabdb4c,Song Su,2026-04-17,16:14:39,-07:00,2026-04-17T16:14:39-07:00,1,44
style.css,24,css,dfe7382c,Song Su,2026-04-10,00:49:22,-07:00,2026-04-10T00:49:22-07:00,0,0
style.css,25,css,7f29dd2e,Song Su,2026-04-09,12:19:46,-07:00,2026-04-09T12:19:46-07:00,0,5
style.css,26,css,7f29dd2e,Song Su,2026-04-09,12:19:46,-07:00,2026-04-09T12:19:46-07:00,1,16
style.css,27,css,7f29dd2e,Song Su,2026-04-09,12:19:46,-07:00,2026-04-09T12:19:46-07:00,0,0
style.css,28,css,7f29dd2e,Song Su,2026-04-09,12:19:46,-07:00,2026-04-09T12:19:46-07:00,0,5
style.css,29,css,7f29dd2e,Song Su,2026-04-09,12:19:46,-07:00,2026-04-09T12:19:46-07:00,1,16
style.css,30,css,7f29dd2e,Song Su,2026-04-09,12:19:46,-07:00,2026-04-09T12:19:46-07:00,0,0
style.css,31,css,dfe7382c,Song Su,2026-04-10,00:49:22,-07:00,2026-04-10T00:49:22-07:00,0,0
style.css,32,css,7f29dd2e,Song Su,2026-04-09,12:19:46,-07:00,2026-04-09T12:19:46-07:00,0,5
style.css,33,css,7f29dd2e,Song Su,2026-04-09,12:19:46,-07:00,2026-04-09T12:19:46-07:00,1,6
style.css,34,css,7f29dd2e,Song Su,2026-04-09,12:19:46,-07:00,2026-04-09T12:19:46-07:00,1,20
style.css,35,css,7f29dd2e,Song Su,2026-04-09,12:19:46,-07:00,2026-04-09T12:19:46-07:00,1,13
style.css,36,css,7f29dd2e,Song Su,2026-04-09,12:19:46,-07:00,2026-04-09T12:19:46-07:00,1,17
style.css,37,css,dfe7382c,Song Su,2026-04-10,00:49:22,-07:00,2026-04-10T00:49:22-07:00,1,20
style.css,38,css,7f29dd2e,Song Su,2026-04-09,12:19:46,-07:00,2026-04-09T12:19:46-07:00,0,0
style.css,39,css,7f29dd2e,Song Su,2026-04-09,12:19:46,-07:00,2026-04-09T12:19:46-07:00,0,13
style.css,40,css,7f29dd2e,Song Su,2026-04-09,12:19:46,-07:00,2026-04-09T12:19:46-07:00,1,25
style.css,41,css,7f29dd2e,Song Su,2026-04-09,12:19:46,-07:00,2026-04-09T12:19:46-07:00,1,25
style.css,42,css,7f29dd2e,Song Su,2026-04-09,12:19:46,-07:00,2026-04-09T12:19:46-07:00,1,36
style.css,43,css,7f29dd2e,Song Su,2026-04-09,12:19:46,-07:00,2026-04-09T12:19:46-07:00,1,20
style.css,44,css,ebabdb4c,Song Su,2026-04-17,16:14:39,-07:00,2026-04-17T16:14:39-07:00,1,16
style.css,45,css,7f29dd2e,Song Su,2026-04-09,12:19:46,-07:00,2026-04-09T12:19:46-07:00,0,0
style.css,46,css,ebabdb4c,Song Su,2026-04-17,16:14:39,-07:00,2026-04-17T16:14:39-07:00,0,7
style.css,47,css,7f29dd2e,Song Su,2026-04-09,12:19:46,-07:00,2026-04-09T12:19:46-07:00,0,10
style.css,48,css,7f29dd2e,Song Su,2026-04-09,12:19:46,-07:00,2026-04-09T12:19:46-07:00,1,25
style.css,49,css,7f29dd2e,Song Su,2026-04-09,12:19:46,-07:00,2026-04-09T12:19:46-07:00,1,25
style.css,50,css,7f29dd2e,Song Su,2026-04-09,12:19:46,-07:00,2026-04-09T12:19:46-07:00,1,39
style.css,51,css,ebabdb4c,Song Su,2026-04-17,16:14:39,-07:00,2026-04-17T16:14:39-07:00,1,64
style.css,52,css,ebabdb4c,Song Su,2026-04-17,16:14:39,-07:00,2026-04-17T16:14:39-07:00,1,69
style.css,53,css,7f29dd2e,Song Su,2026-04-09,12:19:46,-07:00,2026-04-09T12:19:46-07:00,1,20
style.css,54,css,7f29dd2e,Song Su,2026-04-09,12:19:46,-07:00,2026-04-09T12:19:46-07:00,0,0
style.css,55,css,7f29dd2e,Song Su,2026-04-09,12:19:46,-07:00,2026-04-09T12:19:46-07:00,0,12
style.css,56,css,7f29dd2e,Song Su,2026-04-09,12:19:46,-07:00,2026-04-09T12:19:46-07:00,0,12
style.css,57,css,7f29dd2e,Song Su,2026-04-09,12:19:46,-07:00,2026-04-09T12:19:46-07:00,0,10
style.css,58,css,7f29dd2e,Song Su,2026-04-09,12:19:46,-07:00,2026-04-09T12:19:46-07:00,1,12
style.css,59,css,7f29dd2e,Song Su,2026-04-09,12:19:46,-07:00,2026-04-09T12:19:46-07:00,1,13
style.css,60,css,7f29dd2e,Song Su,2026-04-09,12:19:46,-07:00,2026-04-09T12:19:46-07:00,1,10
style.css,61,css,7f29dd2e,Song Su,2026-04-09,12:19:46,-07:00,2026-04-09T12:19:46-07:00,1,21
style.css,62,css,7f29dd2e,Song Su,2026-04-09,12:19:46,-07:00,2026-04-09T12:19:46-07:00,0,0
style.css,63,css,7f29dd2e,Song Su,2026-04-09,12:19:46,-07:00,2026-04-09T12:19:46-07:00,0,0
style.css,64,css,7f29dd2e,Song Su,2026-04-09,12:19:46,-07:00,2026-04-09T12:19:46-07:00,0,9
style.css,65,css,7f29dd2e,Song Su,2026-04-09,12:19:46,-07:00,2026-04-09T12:19:46-07:00,1,13
style.css,66,css,7f29dd2e,Song Su,2026-04-09,12:19:46,-07:00,2026-04-09T12:19:46-07:00,1,18
style.css,67,css,7f29dd2e,Song Su,2026-04-09,12:19:46,-07:00,2026-04-09T12:19:46-07:00,0,2
style.css,68,css,dfe7382c,Song Su,2026-04-10,00:49:22,-07:00,2026-04-10T00:49:22-07:00,0,0
style.css,69,css,7f29dd2e,Song Su,2026-04-09,12:19:46,-07:00,2026-04-09T12:19:46-07:00,0,3
style.css,70,css,7f29dd2e,Song Su,2026-04-09,12:19:46,-07:00,2026-04-09T12:19:46-07:00,0,11
style.css,71,css,7f29dd2e,Song Su,2026-04-09,12:19:46,-07:00,2026-04-09T12:19:46-07:00,0,30
style.css,72,css,dfe7382c,Song Su,2026-04-10,00:49:22,-07:00,2026-04-10T00:49:22-07:00,0,7
style.css,73,css,dfe7382c,Song Su,2026-04-10,00:49:22,-07:00,2026-04-10T00:49:22-07:00,0,0
style.css,74,css,dfe7382c,Song Su,2026-04-10,00:49:22,-07:00,2026-04-10T00:49:22-07:00,0,0
style.css,75,css,a70d2049,Song Su,2026-04-17,20:36:26,-07:00,2026-04-17T20:36:26-07:00,0,4
style.css,76,css,a70d2049,Song Su,2026-04-17,20:36:26,-07:00,2026-04-17T20:36:26-07:00,0,7
style.css,77,css,a70d2049,Song Su,2026-04-17,20:36:26,-07:00,2026-04-17T20:36:26-07:00,0,5
style.css,78,css,a70d2049,Song Su,2026-04-17,20:36:26,-07:00,2026-04-17T20:36:26-07:00,0,6
style.css,79,css,dfe7382c,Song Su,2026-04-10,00:49:22,-07:00,2026-04-10T00:49:22-07:00,1,12
style.css,80,css,7f29dd2e,Song Su,2026-04-09,12:19:46,-07:00,2026-04-09T12:19:46-07:00,0,0
style.css,81,css,7f29dd2e,Song Su,2026-04-09,12:19:46,-07:00,2026-04-09T12:19:46-07:00,0,0
style.css,82,css,7f29dd2e,Song Su,2026-04-09,12:19:46,-07:00,2026-04-09T12:19:46-07:00,0,9
style.css,83,css,7f29dd2e,Song Su,2026-04-09,12:19:46,-07:00,2026-04-09T12:19:46-07:00,1,12
style.css,84,css,7f29dd2e,Song Su,2026-04-09,12:19:46,-07:00,2026-04-09T12:19:46-07:00,1,29
style.css,85,css,7f29dd2e,Song Su,2026-04-09,12:19:46,-07:00,2026-04-09T12:19:46-07:00,1,18
style.css,86,css,7f29dd2e,Song Su,2026-04-09,12:19:46,-07:00,2026-04-09T12:19:46-07:00,0,0
style.css,87,css,7f29dd2e,Song Su,2026-04-09,12:19:46,-07:00,2026-04-09T12:19:46-07:00,0,0
style.css,88,css,7f29dd2e,Song Su,2026-04-09,12:19:46,-07:00,2026-04-09T12:19:46-07:00,0,10
style.css,89,css,7f29dd2e,Song Su,2026-04-09,12:19:46,-07:00,2026-04-09T12:19:46-07:00,1,18
style.css,90,css,7f29dd2e,Song Su,2026-04-09,12:19:46,-07:00,2026-04-09T12:19:46-07:00,0,0
style.css,91,css,7f29dd2e,Song Su,2026-04-09,12:19:46,-07:00,2026-04-09T12:19:46-07:00,0,0
style.css,92,css,7f29dd2e,Song Su,2026-04-09,12:19:46,-07:00,2026-04-09T12:19:46-07:00,0,9
style.css,93,css,7f29dd2e,Song Su,2026-04-09,12:19:46,-07:00,2026-04-09T12:19:46-07:00,1,12
style.css,94,css,7f29dd2e,Song Su,2026-04-09,12:19:46,-07:00,2026-04-09T12:19:46-07:00,1,58
style.css,95,css,dfe7382c,Song Su,2026-04-10,00:49:22,-07:00,2026-04-10T00:49:22-07:00,1,7
style.css,96,css,7f29dd2e,Song Su,2026-04-09,12:19:46,-07:00,2026-04-09T12:19:46-07:00,0,0
style.css,97,css,7f29dd2e,Song Su,2026-04-09,12:19:46,-07:00,2026-04-09T12:19:46-07:00,0,0
style.css,98,css,7f29dd2e,Song Su,2026-04-09,12:19:46,-07:00,2026-04-09T12:19:46-07:00,0,17
style.css,99,css,7f29dd2e,Song Su,2026-04-09,12:19:46,-07:00,2026-04-09T12:19:46-07:00,1,12
style.css,100,css,7f29dd2e,Song Su,2026-04-09,12:19:46,-07:00,2026-04-09T12:19:46-07:00,1,26
style.css,101,css,7f29dd2e,Song Su,2026-04-09,12:19:46,-07:00,2026-04-09T12:19:46-07:00,1,15
style.css,102,css,7f29dd2e,Song Su,2026-04-09,12:19:46,-07:00,2026-04-09T12:19:46-07:00,0,0
style.css,103,css,7f29dd2e,Song Su,2026-04-09,12:19:46,-07:00,2026-04-09T12:19:46-07:00,0,0
style.css,104,css,7f29dd2e,Song Su,2026-04-09,12:19:46,-07:00,2026-04-09T12:19:46-07:00,0,11
style.css,105,css,7f29dd2e,Song Su,2026-04-09,12:19:46,-07:00,2026-04-09T12:19:46-07:00,1,8
style.css,106,css,7f29dd2e,Song Su,2026-04-09,12:19:46,-07:00,2026-04-09T12:19:46-07:00,0,0
style.css,107,css,7f29dd2e,Song Su,2026-04-09,12:19:46,-07:00,2026-04-09T12:19:46-07:00,0,0
style.css,108,css,dfe7382c,Song Su,2026-04-10,00:49:22,-07:00,2026-04-10T00:49:22-07:00,0,1
style.css,109,css,dfe7382c,Song Su,2026-04-10,00:49:22,-07:00,2026-04-10T00:49:22-07:00,1,14
style.css,110,css,dfe7382c,Song Su,2026-04-10,00:49:22,-07:00,2026-04-10T00:49:22-07:00,0,0
style.css,111,css,dfe7382c,Song Su,2026-04-10,00:49:22,-07:00,2026-04-10T00:49:22-07:00,0,0
style.css,112,css,dfe7382c,Song Su,2026-04-10,00:49:22,-07:00,2026-04-10T00:49:22-07:00,0,1
style.css,113,css,dfe7382c,Song Su,2026-04-10,00:49:22,-07:00,2026-04-10T00:49:22-07:00,1,14
style.css,114,css,dfe7382c,Song Su,2026-04-10,00:49:22,-07:00,2026-04-10T00:49:22-07:00,0,0
style.css,115,css,dfe7382c,Song Su,2026-04-10,00:49:22,-07:00,2026-04-10T00:49:22-07:00,0,0
style.css,116,css,dfe7382c,Song Su,2026-04-10,00:49:22,-07:00,2026-04-10T00:49:22-07:00,0,1
style.css,117,css,dfe7382c,Song Su,2026-04-10,00:49:22,-07:00,2026-04-10T00:49:22-07:00,1,14
style.css,118,css,dfe7382c,Song Su,2026-04-10,00:49:22,-07:00,2026-04-10T00:49:22-07:00,0,0
style.css,119,css,dfe7382c,Song Su,2026-04-10,00:49:22,-07:00,2026-04-10T00:49:22-07:00,0,0
style.css,120,css,dfe7382c,Song Su,2026-04-10,00:49:22,-07:00,2026-04-10T00:49:22-07:00,0,1
style.css,121,css,dfe7382c,Song Su,2026-04-10,00:49:22,-07:00,2026-04-10T00:49:22-07:00,1,14
style.css,122,css,dfe7382c,Song Su,2026-04-10,00:49:22,-07:00,2026-04-10T00:49:22-07:00,0,0
style.css,123,css,dfe7382c,Song Su,2026-04-10,00:49:22,-07:00,2026-04-10T00:49:22-07:00,0,0
style.css,124,css,dfe7382c,Song Su,2026-04-10,00:49:22,-07:00,2026-04-10T00:49:22-07:00,0,1
style.css,125,css,dfe7382c,Song Su,2026-04-10,00:49:22,-07:00,2026-04-10T00:49:22-07:00,1,14
style.css,126,css,dfe7382c,Song Su,2026-04-10,00:49:22,-07:00,2026-04-10T00:49:22-07:00,0,0
style.css,127,css,dfe7382c,Song Su,2026-04-10,00:49:22,-07:00,2026-04-10T00:49:22-07:00,0,0
style.css,128,css,dfe7382c,Song Su,2026-04-10,00:49:22,-07:00,2026-04-10T00:49:22-07:00,0,1
style.css,129,css,dfe7382c,Song Su,2026-04-10,00:49:22,-07:00,2026-04-10T00:49:22-07:00,1,14
style.css,130,css,dfe7382c,Song Su,2026-04-10,00:49:22,-07:00,2026-04-10T00:49:22-07:00,0,0
style.css,131,css,dfe7382c,Song Su,2026-04-10,00:49:22,-07:00,2026-04-10T00:49:22-07:00,0,0
style.css,132,css,dfe7382c,Song Su,2026-04-10,00:49:22,-07:00,2026-04-10T00:49:22-07:00,0,0
style.css,133,css,dfe7382c,Song Su,2026-04-10,00:49:22,-07:00,2026-04-10T00:49:22-07:00,0,1
style.css,134,css,dfe7382c,Song Su,2026-04-10,00:49:22,-07:00,2026-04-10T00:49:22-07:00,0,1
style.css,135,css,dfe7382c,Song Su,2026-04-10,00:49:22,-07:00,2026-04-10T00:49:22-07:00,0,1
style.css,136,css,dfe7382c,Song Su,2026-04-10,00:49:22,-07:00,2026-04-10T00:49:22-07:00,0,1
style.css,137,css,dfe7382c,Song Su,2026-04-10,00:49:22,-07:00,2026-04-10T00:49:22-07:00,0,1
style.css,138,css,dfe7382c,Song Su,2026-04-10,00:49:22,-07:00,2026-04-10T00:49:22-07:00,0,1
style.css,139,css,dfe7382c,Song Su,2026-04-10,00:49:22,-07:00,2026-04-10T00:49:22-07:00,1,15
style.css,140,css,dfe7382c,Song Su,2026-04-10,00:49:22,-07:00,2026-04-10T00:49:22-07:00,1,17
style.css,141,css,dfe7382c,Song Su,2026-04-10,00:49:22,-07:00,2026-04-10T00:49:22-07:00,0,0
style.css,142,css,dfe7382c,Song Su,2026-04-10,00:49:22,-07:00,2026-04-10T00:49:22-07:00,0,0
style.css,143,css,dfe7382c,Song Su,2026-04-10,00:49:22,-07:00,2026-04-10T00:49:22-07:00,0,0
style.css,144,css,dfe7382c,Song Su,2026-04-10,00:49:22,-07:00,2026-04-10T00:49:22-07:00,0,11
style.css,145,css,dfe7382c,Song Su,2026-04-10,00:49:22,-07:00,2026-04-10T00:49:22-07:00,1,37
style.css,146,css,dfe7382c,Song Su,2026-04-10,00:49:22,-07:00,2026-04-10T00:49:22-07:00,1,25
style.css,147,css,dfe7382c,Song Su,2026-04-10,00:49:22,-07:00,2026-04-10T00:49:22-07:00,0,0
style.css,148,css,dfe7382c,Song Su,2026-04-10,00:49:22,-07:00,2026-04-10T00:49:22-07:00,0,15
style.css,149,css,dfe7382c,Song Su,2026-04-10,00:49:22,-07:00,2026-04-10T00:49:22-07:00,1,12
style.css,150,css,dfe7382c,Song Su,2026-04-10,00:49:22,-07:00,2026-04-10T00:49:22-07:00,0,0
style.css,151,css,7f29dd2e,Song Su,2026-04-09,12:19:46,-07:00,2026-04-09T12:19:46-07:00,0,14
style.css,152,css,7f29dd2e,Song Su,2026-04-09,12:19:46,-07:00,2026-04-09T12:19:46-07:00,1,12
style.css,153,css,7f29dd2e,Song Su,2026-04-09,12:19:46,-07:00,2026-04-09T12:19:46-07:00,1,29
style.css,154,css,7f29dd2e,Song Su,2026-04-09,12:19:46,-07:00,2026-04-09T12:19:46-07:00,1,18
style.css,155,css,dfe7382c,Song Su,2026-04-10,00:49:22,-07:00,2026-04-10T00:49:22-07:00,0,0
style.css,156,css,dfe7382c,Song Su,2026-04-10,00:49:22,-07:00,2026-04-10T00:49:22-07:00,0,0
style.css,157,css,dfe7382c,Song Su,2026-04-10,00:49:22,-07:00,2026-04-10T00:49:22-07:00,0,9
style.css,158,css,dfe7382c,Song Su,2026-04-10,00:49:22,-07:00,2026-04-10T00:49:22-07:00,0,9
style.css,159,css,dfe7382c,Song Su,2026-04-10,00:49:22,-07:00,2026-04-10T00:49:22-07:00,0,9
style.css,160,css,dfe7382c,Song Su,2026-04-10,00:49:22,-07:00,2026-04-10T00:49:22-07:00,0,10
style.css,161,css,dfe7382c,Song Su,2026-04-10,00:49:22,-07:00,2026-04-10T00:49:22-07:00,1,8
style.css,162,css,dfe7382c,Song Su,2026-04-10,00:49:22,-07:00,2026-04-10T00:49:22-07:00,1,9
style.css,163,css,dfe7382c,Song Su,2026-04-10,00:49:22,-07:00,2026-04-10T00:49:22-07:00,1,15
style.css,164,css,dfe7382c,Song Su,2026-04-10,00:49:22,-07:00,2026-04-10T00:49:22-07:00,0,0
style.css,165,css,dfe7382c,Song Su,2026-04-10,00:49:22,-07:00,2026-04-10T00:49:22-07:00,0,0
style.css,166,css,dfe7382c,Song Su,2026-04-10,00:49:22,-07:00,2026-04-10T00:49:22-07:00,0,10
style.css,167,css,dfe7382c,Song Su,2026-04-10,00:49:22,-07:00,2026-04-10T00:49:22-07:00,1,19
style.css,168,css,dfe7382c,Song Su,2026-04-10,00:49:22,-07:00,2026-04-10T00:49:22-07:00,1,25
style.css,169,css,dfe7382c,Song Su,2026-04-10,00:49:22,-07:00,2026-04-10T00:49:22-07:00,0,0
style.css,170,css,dfe7382c,Song Su,2026-04-10,00:49:22,-07:00,2026-04-10T00:49:22-07:00,0,0
style.css,171,css,dfe7382c,Song Su,2026-04-10,00:49:22,-07:00,2026-04-10T00:49:22-07:00,0,10
style.css,172,css,dfe7382c,Song Su,2026-04-10,00:49:22,-07:00,2026-04-10T00:49:22-07:00,1,12
style.css,173,css,dfe7382c,Song Su,2026-04-10,00:49:22,-07:00,2026-04-10T00:49:22-07:00,1,19
style.css,174,css,dfe7382c,Song Su,2026-04-10,00:49:22,-07:00,2026-04-10T00:49:22-07:00,1,23
style.css,175,css,dfe7382c,Song Su,2026-04-10,00:49:22,-07:00,2026-04-10T00:49:22-07:00,0,0
style.css,176,css,dfe7382c,Song Su,2026-04-10,00:49:22,-07:00,2026-04-10T00:49:22-07:00,0,0
style.css,177,css,dfe7382c,Song Su,2026-04-10,00:49:22,-07:00,2026-04-10T00:49:22-07:00,0,10
style.css,178,css,dfe7382c,Song Su,2026-04-10,00:49:22,-07:00,2026-04-10T00:49:22-07:00,1,19
style.css,179,css,dfe7382c,Song Su,2026-04-10,00:49:22,-07:00,2026-04-10T00:49:22-07:00,1,25
style.css,180,css,dfe7382c,Song Su,2026-04-10,00:49:22,-07:00,2026-04-10T00:49:22-07:00,0,0
style.css,181,css,dfe7382c,Song Su,2026-04-10,00:49:22,-07:00,2026-04-10T00:49:22-07:00,0,10
style.css,182,css,dfe7382c,Song Su,2026-04-10,00:49:22,-07:00,2026-04-10T00:49:22-07:00,1,19
style.css,183,css,dfe7382c,Song Su,2026-04-10,00:49:22,-07:00,2026-04-10T00:49:22-07:00,1,25
style.css,184,css,dfe7382c,Song Su,2026-04-10,00:49:22,-07:00,2026-04-10T00:49:22-07:00,0,0
style.css,185,css,dfe7382c,Song Su,2026-04-10,00:49:22,-07:00,2026-04-10T00:49:22-07:00,0,0
style.css,186,css,dfe7382c,Song Su,2026-04-10,00:49:22,-07:00,2026-04-10T00:49:22-07:00,0,14
style.css,187,css,dfe7382c,Song Su,2026-04-10,00:49:22,-07:00,2026-04-10T00:49:22-07:00,1,12
style.css,188,css,dfe7382c,Song Su,2026-04-10,00:49:22,-07:00,2026-04-10T00:49:22-07:00,0,0
style.css,189,css,dfe7382c,Song Su,2026-04-10,00:49:22,-07:00,2026-04-10T00:49:22-07:00,0,0
style.css,190,css,dfe7382c,Song Su,2026-04-10,00:49:22,-07:00,2026-04-10T00:49:22-07:00,0,15
style.css,191,css,dfe7382c,Song Su,2026-04-10,00:49:22,-07:00,2026-04-10T00:49:22-07:00,1,17
style.css,192,css,dfe7382c,Song Su,2026-04-10,00:49:22,-07:00,2026-04-10T00:49:22-07:00,0,0
style.css,193,css,dfe7382c,Song Su,2026-04-10,00:49:22,-07:00,2026-04-10T00:49:22-07:00,0,0
style.css,194,css,dfe7382c,Song Su,2026-04-10,00:49:22,-07:00,2026-04-10T00:49:22-07:00,0,12
style.css,195,css,dfe7382c,Song Su,2026-04-10,00:49:22,-07:00,2026-04-10T00:49:22-07:00,1,18
style.css,196,css,dfe7382c,Song Su,2026-04-10,00:49:22,-07:00,2026-04-10T00:49:22-07:00,1,25
style.css,197,css,dfe7382c,Song Su,2026-04-10,00:49:22,-07:00,2026-04-10T00:49:22-07:00,1,15
style.css,198,css,a1022642,Song Su,2026-04-10,04:37:51,-07:00,2026-04-10T04:37:51-07:00,1,17
style.css,199,css,a1022642,Song Su,2026-04-10,04:37:51,-07:00,2026-04-10T04:37:51-07:00,1,11
style.css,200,css,dfe7382c,Song Su,2026-04-10,00:49:22,-07:00,2026-04-10T00:49:22-07:00,0,0
style.css,201,css,dfe7382c,Song Su,2026-04-10,00:49:22,-07:00,2026-04-10T00:49:22-07:00,0,0
style.css,202,css,dfe7382c,Song Su,2026-04-10,00:49:22,-07:00,2026-04-10T00:49:22-07:00,0,15
style.css,203,css,dfe7382c,Song Su,2026-04-10,00:49:22,-07:00,2026-04-10T00:49:22-07:00,1,41
style.css,204,css,dfe7382c,Song Su,2026-04-10,00:49:22,-07:00,2026-04-10T00:49:22-07:00,1,15
style.css,205,css,dfe7382c,Song Su,2026-04-10,00:49:22,-07:00,2026-04-10T00:49:22-07:00,0,0
style.css,206,css,dfe7382c,Song Su,2026-04-10,00:49:22,-07:00,2026-04-10T00:49:22-07:00,0,0
style.css,207,css,dfe7382c,Song Su,2026-04-10,00:49:22,-07:00,2026-04-10T00:49:22-07:00,0,27
style.css,208,css,a1022642,Song Su,2026-04-10,04:37:51,-07:00,2026-04-10T04:37:51-07:00,1,43
style.css,209,css,dfe7382c,Song Su,2026-04-10,00:49:22,-07:00,2026-04-10T00:49:22-07:00,1,15
style.css,210,css,dfe7382c,Song Su,2026-04-10,00:49:22,-07:00,2026-04-10T00:49:22-07:00,1,14
style.css,211,css,dfe7382c,Song Su,2026-04-10,00:49:22,-07:00,2026-04-10T00:49:22-07:00,0,0
style.css,212,css,dfe7382c,Song Su,2026-04-10,00:49:22,-07:00,2026-04-10T00:49:22-07:00,0,0
style.css,213,css,dfe7382c,Song Su,2026-04-10,00:49:22,-07:00,2026-04-10T00:49:22-07:00,0,41
style.css,214,css,dfe7382c,Song Su,2026-04-10,00:49:22,-07:00,2026-04-10T00:49:22-07:00,1,15
style.css,215,css,dfe7382c,Song Su,2026-04-10,00:49:22,-07:00,2026-04-10T00:49:22-07:00,1,12
style.css,216,css,dfe7382c,Song Su,2026-04-10,00:49:22,-07:00,2026-04-10T00:49:22-07:00,1,13
style.css,217,css,dfe7382c,Song Su,2026-04-10,00:49:22,-07:00,2026-04-10T00:49:22-07:00,0,0
style.css,218,css,ab1394f5,Song Su,2026-04-17,21:38:57,-07:00,2026-04-17T21:38:57-07:00,0,0
style.css,219,css,ebabdb4c,Song Su,2026-04-17,16:14:39,-07:00,2026-04-17T16:14:39-07:00,0,24
style.css,220,css,fe05a4ae,Song Su,2026-04-17,21:44:14,-07:00,2026-04-17T21:44:14-07:00,0,47
style.css,221,css,fe05a4ae,Song Su,2026-04-17,21:44:14,-07:00,2026-04-17T21:44:14-07:00,1,37
style.css,222,css,fe05a4ae,Song Su,2026-04-17,21:44:14,-07:00,2026-04-17T21:44:14-07:00,1,25
style.css,223,css,fe05a4ae,Song Su,2026-04-17,21:44:14,-07:00,2026-04-17T21:44:14-07:00,0,0
style.css,224,css,fe05a4ae,Song Su,2026-04-17,21:44:14,-07:00,2026-04-17T21:44:14-07:00,0,0
style.css,225,css,fe05a4ae,Song Su,2026-04-17,21:44:14,-07:00,2026-04-17T21:44:14-07:00,0,51
style.css,226,css,fe05a4ae,Song Su,2026-04-17,21:44:14,-07:00,2026-04-17T21:44:14-07:00,1,12
style.css,227,css,fe05a4ae,Song Su,2026-04-17,21:44:14,-07:00,2026-04-17T21:44:14-07:00,0,0
style.css,228,css,fe05a4ae,Song Su,2026-04-17,21:44:14,-07:00,2026-04-17T21:44:14-07:00,0,0
style.css,229,css,fe05a4ae,Song Su,2026-04-17,21:44:14,-07:00,2026-04-17T21:44:14-07:00,0,46
style.css,230,css,fe05a4ae,Song Su,2026-04-17,21:44:14,-07:00,2026-04-17T21:44:14-07:00,1,25
style.css,231,css,fe05a4ae,Song Su,2026-04-17,21:44:14,-07:00,2026-04-17T21:44:14-07:00,0,0
style.css,232,css,fe05a4ae,Song Su,2026-04-17,21:44:14,-07:00,2026-04-17T21:44:14-07:00,0,0
style.css,233,css,fe05a4ae,Song Su,2026-04-17,21:44:14,-07:00,2026-04-17T21:44:14-07:00,0,46
style.css,234,css,fe05a4ae,Song Su,2026-04-17,21:44:14,-07:00,2026-04-17T21:44:14-07:00,1,23
style.css,235,css,fe05a4ae,Song Su,2026-04-17,21:44:14,-07:00,2026-04-17T21:44:14-07:00,0,0
style.css,236,css,fe05a4ae,Song Su,2026-04-17,21:44:14,-07:00,2026-04-17T21:44:14-07:00,0,0
style.css,237,css,fe05a4ae,Song Su,2026-04-17,21:44:14,-07:00,2026-04-17T21:44:14-07:00,0,46
style.css,238,css,fe05a4ae,Song Su,2026-04-17,21:44:14,-07:00,2026-04-17T21:44:14-07:00,1,25
style.css,239,css,fe05a4ae,Song Su,2026-04-17,21:44:14,-07:00,2026-04-17T21:44:14-07:00,0,0
style.css,240,css,fe05a4ae,Song Su,2026-04-17,21:44:14,-07:00,2026-04-17T21:44:14-07:00,0,0
style.css,241,css,fe05a4ae,Song Su,2026-04-17,21:44:14,-07:00,2026-04-17T21:44:14-07:00,0,46
style.css,242,css,fe05a4ae,Song Su,2026-04-17,21:44:14,-07:00,2026-04-17T21:44:14-07:00,1,25
style.css,243,css,fe05a4ae,Song Su,2026-04-17,21:44:14,-07:00,2026-04-17T21:44:14-07:00,0,0
style.css,244,css,fe05a4ae,Song Su,2026-04-17,21:44:14,-07:00,2026-04-17T21:44:14-07:00,0,0
style.css,245,css,fe05a4ae,Song Su,2026-04-17,21:44:14,-07:00,2026-04-17T21:44:14-07:00,0,48
style.css,246,css,fe05a4ae,Song Su,2026-04-17,21:44:14,-07:00,2026-04-17T21:44:14-07:00,1,25
style.css,247,css,fe05a4ae,Song Su,2026-04-17,21:44:14,-07:00,2026-04-17T21:44:14-07:00,1,11
style.css,248,css,fe05a4ae,Song Su,2026-04-17,21:44:14,-07:00,2026-04-17T21:44:14-07:00,0,0
style.css,249,css,fe05a4ae,Song Su,2026-04-17,21:44:14,-07:00,2026-04-17T21:44:14-07:00,0,0
style.css,250,css,3b5f494d,Song Su,2026-04-17,21:48:30,-07:00,2026-04-17T21:48:30-07:00,0,50
style.css,251,css,fe05a4ae,Song Su,2026-04-17,21:44:14,-07:00,2026-04-17T21:44:14-07:00,0,63
style.css,252,css,fe05a4ae,Song Su,2026-04-17,21:44:14,-07:00,2026-04-17T21:44:14-07:00,1,37
style.css,253,css,fe05a4ae,Song Su,2026-04-17,21:44:14,-07:00,2026-04-17T21:44:14-07:00,0,0
style.css,254,css,fe05a4ae,Song Su,2026-04-17,21:44:14,-07:00,2026-04-17T21:44:14-07:00,0,0
style.css,255,css,fe05a4ae,Song Su,2026-04-17,21:44:14,-07:00,2026-04-17T21:44:14-07:00,0,47
style.css,256,css,fe05a4ae,Song Su,2026-04-17,21:44:14,-07:00,2026-04-17T21:44:14-07:00,1,44
style.css,257,css,fe05a4ae,Song Su,2026-04-17,21:44:14,-07:00,2026-04-17T21:44:14-07:00,0,0
style.css,258,css,3b5f494d,Song Su,2026-04-17,21:48:30,-07:00,2026-04-17T21:48:30-07:00,0,46
style.css,259,css,3b5f494d,Song Su,2026-04-17,21:48:30,-07:00,2026-04-17T21:48:30-07:00,1,23
style.css,260,css,3b5f494d,Song Su,2026-04-17,21:48:30,-07:00,2026-04-17T21:48:30-07:00,1,16
style.css,261,css,3b5f494d,Song Su,2026-04-17,21:48:30,-07:00,2026-04-17T21:48:30-07:00,0,0
style.css,262,css,3b5f494d,Song Su,2026-04-17,21:48:30,-07:00,2026-04-17T21:48:30-07:00,0,0
style.css,263,css,3b5f494d,Song Su,2026-04-17,21:48:30,-07:00,2026-04-17T21:48:30-07:00,0,44
style.css,264,css,3b5f494d,Song Su,2026-04-17,21:48:30,-07:00,2026-04-17T21:48:30-07:00,0,44
style.css,265,css,3b5f494d,Song Su,2026-04-17,21:48:30,-07:00,2026-04-17T21:48:30-07:00,0,44
style.css,266,css,3b5f494d,Song Su,2026-04-17,21:48:30,-07:00,2026-04-17T21:48:30-07:00,0,45
style.css,267,css,3b5f494d,Song Su,2026-04-17,21:48:30,-07:00,2026-04-17T21:48:30-07:00,1,13
style.css,268,css,3b5f494d,Song Su,2026-04-17,21:48:30,-07:00,2026-04-17T21:48:30-07:00,0,0
style.css,269,css,3b5f494d,Song Su,2026-04-17,21:48:30,-07:00,2026-04-17T21:48:30-07:00,0,0
style.css,270,css,3b5f494d,Song Su,2026-04-17,21:48:30,-07:00,2026-04-17T21:48:30-07:00,0,47
style.css,271,css,3b5f494d,Song Su,2026-04-17,21:48:30,-07:00,2026-04-17T21:48:30-07:00,1,13
style.css,272,css,3b5f494d,Song Su,2026-04-17,21:48:30,-07:00,2026-04-17T21:48:30-07:00,1,11
style.css,273,css,3b5f494d,Song Su,2026-04-17,21:48:30,-07:00,2026-04-17T21:48:30-07:00,0,0
style.css,274,css,3b5f494d,Song Su,2026-04-17,21:48:30,-07:00,2026-04-17T21:48:30-07:00,0,0
style.css,275,css,3b5f494d,Song Su,2026-04-17,21:48:30,-07:00,2026-04-17T21:48:30-07:00,0,49
style.css,276,css,3b5f494d,Song Su,2026-04-17,21:48:30,-07:00,2026-04-17T21:48:30-07:00,0,62
style.css,277,css,3b5f494d,Song Su,2026-04-17,21:48:30,-07:00,2026-04-17T21:48:30-07:00,1,29
style.css,278,css,3b5f494d,Song Su,2026-04-17,21:48:30,-07:00,2026-04-17T21:48:30-07:00,0,0
style.css,279,css,3b5f494d,Song Su,2026-04-17,21:48:30,-07:00,2026-04-17T21:48:30-07:00,0,0
style.css,280,css,3b5f494d,Song Su,2026-04-17,21:48:30,-07:00,2026-04-17T21:48:30-07:00,0,46
style.css,281,css,3b5f494d,Song Su,2026-04-17,21:48:30,-07:00,2026-04-17T21:48:30-07:00,1,32
style.css,282,css,3b5f494d,Song Su,2026-04-17,21:48:30,-07:00,2026-04-17T21:48:30-07:00,0,0
style.css,283,css,3b5f494d,Song Su,2026-04-17,21:48:30,-07:00,2026-04-17T21:48:30-07:00,0,35
style.css,284,css,2ab3118c,Song Su,2026-04-17,21:51:50,-07:00,2026-04-17T21:51:50-07:00,1,51
style.css,285,css,3b5f494d,Song Su,2026-04-17,21:48:30,-07:00,2026-04-17T21:48:30-07:00,2,23
style.css,286,css,3b5f494d,Song Su,2026-04-17,21:48:30,-07:00,2026-04-17T21:48:30-07:00,2,16
style.css,287,css,3b5f494d,Song Su,2026-04-17,21:48:30,-07:00,2026-04-17T21:48:30-07:00,1,0
style.css,288,css,3b5f494d,Song Su,2026-04-17,21:48:30,-07:00,2026-04-17T21:48:30-07:00,0,0
style.css,289,css,2ab3118c,Song Su,2026-04-17,21:51:50,-07:00,2026-04-17T21:51:50-07:00,1,49
style.css,290,css,2ab3118c,Song Su,2026-04-17,21:51:50,-07:00,2026-04-17T21:51:50-07:00,1,49
style.css,291,css,2ab3118c,Song Su,2026-04-17,21:51:50,-07:00,2026-04-17T21:51:50-07:00,1,49
style.css,292,css,2ab3118c,Song Su,2026-04-17,21:51:50,-07:00,2026-04-17T21:51:50-07:00,1,50
style.css,293,css,3b5f494d,Song Su,2026-04-17,21:48:30,-07:00,2026-04-17T21:48:30-07:00,2,13
style.css,294,css,3b5f494d,Song Su,2026-04-17,21:48:30,-07:00,2026-04-17T21:48:30-07:00,1,0
style.css,295,css,3b5f494d,Song Su,2026-04-17,21:48:30,-07:00,2026-04-17T21:48:30-07:00,0,0
style.css,296,css,2ab3118c,Song Su,2026-04-17,21:51:50,-07:00,2026-04-17T21:51:50-07:00,1,52
style.css,297,css,3b5f494d,Song Su,2026-04-17,21:48:30,-07:00,2026-04-17T21:48:30-07:00,2,13
style.css,298,css,3b5f494d,Song Su,2026-04-17,21:48:30,-07:00,2026-04-17T21:48:30-07:00,2,11
style.css,299,css,3b5f494d,Song Su,2026-04-17,21:48:30,-07:00,2026-04-17T21:48:30-07:00,1,0
style.css,300,css,3b5f494d,Song Su,2026-04-17,21:48:30,-07:00,2026-04-17T21:48:30-07:00,0,0
style.css,301,css,2ab3118c,Song Su,2026-04-17,21:51:50,-07:00,2026-04-17T21:51:50-07:00,1,54
style.css,302,css,2ab3118c,Song Su,2026-04-17,21:51:50,-07:00,2026-04-17T21:51:50-07:00,1,67
style.css,303,css,3b5f494d,Song Su,2026-04-17,21:48:30,-07:00,2026-04-17T21:48:30-07:00,2,29
style.css,304,css,3b5f494d,Song Su,2026-04-17,21:48:30,-07:00,2026-04-17T21:48:30-07:00,1,0
style.css,305,css,3b5f494d,Song Su,2026-04-17,21:48:30,-07:00,2026-04-17T21:48:30-07:00,0,0
style.css,306,css,2ab3118c,Song Su,2026-04-17,21:51:50,-07:00,2026-04-17T21:51:50-07:00,1,51
style.css,307,css,3b5f494d,Song Su,2026-04-17,21:48:30,-07:00,2026-04-17T21:48:30-07:00,2,32
style.css,308,css,3b5f494d,Song Su,2026-04-17,21:48:30,-07:00,2026-04-17T21:48:30-07:00,1,0
style.css,309,css,3b5f494d,Song Su,2026-04-17,21:48:30,-07:00,2026-04-17T21:48:30-07:00,0,0
style.css,310,css,fe05a4ae,Song Su,2026-04-17,21:44:14,-07:00,2026-04-17T21:44:14-07:00,0,0
style.css,311,css,ebabdb4c,Song Su,2026-04-17,16:14:39,-07:00,2026-04-17T16:14:39-07:00,0,7
style.css,312,css,ebabdb4c,Song Su,2026-04-17,16:14:39,-07:00,2026-04-17T16:14:39-07:00,0,0
style.css,313,css,ebabdb4c,Song Su,2026-04-17,16:14:39,-07:00,2026-04-17T16:14:39-07:00,0,12
style.css,314,css,ebabdb4c,Song Su,2026-04-17,16:14:39,-07:00,2026-04-17T16:14:39-07:00,1,39
style.css,315,css,ebabdb4c,Song Su,2026-04-17,16:14:39,-07:00,2026-04-17T16:14:39-07:00,1,39
style.css,316,css,ebabdb4c,Song Su,2026-04-17,16:14:39,-07:00,2026-04-17T16:14:39-07:00,1,69
style.css,317,css,ebabdb4c,Song Su,2026-04-17,16:14:39,-07:00,2026-04-17T16:14:39-07:00,0,2
style.css,318,css,ebabdb4c,Song Su,2026-04-17,16:14:39,-07:00,2026-04-17T16:14:39-07:00,0,0
style.css,319,css,ebabdb4c,Song Su,2026-04-17,16:14:39,-07:00,2026-04-17T16:14:39-07:00,0,7
style.css,320,css,ebabdb4c,Song Su,2026-04-17,16:14:39,-07:00,2026-04-17T16:14:39-07:00,0,12
style.css,321,css,ebabdb4c,Song Su,2026-04-17,16:14:39,-07:00,2026-04-17T16:14:39-07:00,1,17
style.css,322,css,ebabdb4c,Song Su,2026-04-17,16:14:39,-07:00,2026-04-17T16:14:39-07:00,1,8
style.css,323,css,ebabdb4c,Song Su,2026-04-17,16:14:39,-07:00,2026-04-17T16:14:39-07:00,1,10
style.css,324,css,ebabdb4c,Song Su,2026-04-17,16:14:39,-07:00,2026-04-17T16:14:39-07:00,1,13
style.css,325,css,cc038949,Song Su,2026-04-24,13:46:11,-07:00,2026-04-24T13:46:11-07:00,0,0
style.css,326,css,cc038949,Song Su,2026-04-24,13:46:11,-07:00,2026-04-24T13:46:11-07:00,0,0
style.css,327,css,cc038949,Song Su,2026-04-24,13:46:11,-07:00,2026-04-24T13:46:11-07:00,0,6
style.css,328,css,cc038949,Song Su,2026-04-24,13:46:11,-07:00,2026-04-24T13:46:11-07:00,0,16
style.css,329,css,cc038949,Song Su,2026-04-24,13:46:11,-07:00,2026-04-24T13:46:11-07:00,1,11
style.css,330,css,cc038949,Song Su,2026-04-24,13:46:11,-07:00,2026-04-24T13:46:11-07:00,1,21
style.css,331,css,cc038949,Song Su,2026-04-24,13:46:11,-07:00,2026-04-24T13:46:11-07:00,1,21
style.css,332,css,cc038949,Song Su,2026-04-24,13:46:11,-07:00,2026-04-24T13:46:11-07:00,1,15
style.css,333,css,cc038949,Song Su,2026-04-24,13:46:11,-07:00,2026-04-24T13:46:11-07:00,0,0
style.css,334,css,cc038949,Song Su,2026-04-24,13:46:11,-07:00,2026-04-24T13:46:11-07:00,0,0
style.css,335,css,cc038949,Song Su,2026-04-24,13:46:11,-07:00,2026-04-24T13:46:11-07:00,0,17
style.css,336,css,cc038949,Song Su,2026-04-24,13:46:11,-07:00,2026-04-24T13:46:11-07:00,1,10
style.css,337,css,1976714d,Song Su,2026-05-08,10:32:42,-07:00,2026-05-08T10:32:42-07:00,1,43
style.css,338,css,cc038949,Song Su,2026-04-24,13:46:11,-07:00,2026-04-24T13:46:11-07:00,0,0
style.css,339,css,cc038949,Song Su,2026-04-24,13:46:11,-07:00,2026-04-24T13:46:11-07:00,0,0
style.css,340,css,cc038949,Song Su,2026-04-24,13:46:11,-07:00,2026-04-24T13:46:11-07:00,0,17
style.css,341,css,cc038949,Song Su,2026-04-24,13:46:11,-07:00,2026-04-24T13:46:11-07:00,1,10
style.css,342,css,cc038949,Song Su,2026-04-24,13:46:11,-07:00,2026-04-24T13:46:11-07:00,1,8
style.css,343,css,cc038949,Song Su,2026-04-24,13:46:11,-07:00,2026-04-24T13:46:11-07:00,1,14
style.css,344,css,cc038949,Song Su,2026-04-24,13:46:11,-07:00,2026-04-24T13:46:11-07:00,0,0
style.css,345,css,cc038949,Song Su,2026-04-24,13:46:11,-07:00,2026-04-24T13:46:11-07:00,0,0
style.css,346,css,cc038949,Song Su,2026-04-24,13:46:11,-07:00,2026-04-24T13:46:11-07:00,0,3
style.css,347,css,cc038949,Song Su,2026-04-24,13:46:11,-07:00,2026-04-24T13:46:11-07:00,1,10
style.css,348,css,cc038949,Song Su,2026-04-24,13:46:11,-07:00,2026-04-24T13:46:11-07:00,1,11
style.css,349,css,cc038949,Song Su,2026-04-24,13:46:11,-07:00,2026-04-24T13:46:11-07:00,1,18
style.css,350,css,af70fff3,Song Su,2026-04-30,23:24:16,-07:00,2026-04-30T23:24:16-07:00,0,0
style.css,351,css,af70fff3,Song Su,2026-04-30,23:24:16,-07:00,2026-04-30T23:24:16-07:00,0,0
style.css,352,css,c0723485,Song Su,2026-05-01,13:11:53,-07:00,2026-05-01T13:11:53-07:00,0,12
style.css,353,css,c0723485,Song Su,2026-05-01,13:11:53,-07:00,2026-05-01T13:11:53-07:00,1,30
style.css,354,css,c0723485,Song Su,2026-05-01,13:11:53,-07:00,2026-05-01T13:11:53-07:00,1,15
style.css,355,css,c0723485,Song Su,2026-05-01,13:11:53,-07:00,2026-05-01T13:11:53-07:00,1,17
style.css,356,css,c0723485,Song Su,2026-05-01,13:11:53,-07:00,2026-05-01T13:11:53-07:00,1,34
style.css,357,css,c0723485,Song Su,2026-05-01,13:11:53,-07:00,2026-05-01T13:11:53-07:00,1,10
style.css,358,css,c0723485,Song Su,2026-05-01,13:11:53,-07:00,2026-05-01T13:11:53-07:00,1,16
style.css,359,css,c0723485,Song Su,2026-05-01,13:11:53,-07:00,2026-05-01T13:11:53-07:00,0,0
style.css,360,css,c0723485,Song Su,2026-05-01,13:11:53,-07:00,2026-05-01T13:11:53-07:00,0,0
style.css,361,css,af70fff3,Song Su,2026-04-30,23:24:16,-07:00,2026-04-30T23:24:16-07:00,0,14
style.css,362,css,af70fff3,Song Su,2026-04-30,23:24:16,-07:00,2026-04-30T23:24:16-07:00,1,14
style.css,363,css,af70fff3,Song Su,2026-04-30,23:24:16,-07:00,2026-04-30T23:24:16-07:00,1,16
style.css,364,css,c0723485,Song Su,2026-05-01,13:11:53,-07:00,2026-05-01T13:11:53-07:00,1,28
style.css,365,css,c0723485,Song Su,2026-05-01,13:11:53,-07:00,2026-05-01T13:11:53-07:00,1,11
style.css,366,css,c0723485,Song Su,2026-05-01,13:11:53,-07:00,2026-05-01T13:11:53-07:00,1,14
style.css,367,css,af70fff3,Song Su,2026-04-30,23:24:16,-07:00,2026-04-30T23:24:16-07:00,1,16
style.css,368,css,af70fff3,Song Su,2026-04-30,23:24:16,-07:00,2026-04-30T23:24:16-07:00,0,0
style.css,369,css,af70fff3,Song Su,2026-04-30,23:24:16,-07:00,2026-04-30T23:24:16-07:00,0,0
style.css,370,css,af70fff3,Song Su,2026-04-30,23:24:16,-07:00,2026-04-30T23:24:16-07:00,0,7
style.css,371,css,af70fff3,Song Su,2026-04-30,23:24:16,-07:00,2026-04-30T23:24:16-07:00,1,19
style.css,372,css,af70fff3,Song Su,2026-04-30,23:24:16,-07:00,2026-04-30T23:24:16-07:00,1,11
style.css,373,css,af70fff3,Song Su,2026-04-30,23:24:16,-07:00,2026-04-30T23:24:16-07:00,1,18
style.css,374,css,af70fff3,Song Su,2026-04-30,23:24:16,-07:00,2026-04-30T23:24:16-07:00,1,29
style.css,375,css,af70fff3,Song Su,2026-04-30,23:24:16,-07:00,2026-04-30T23:24:16-07:00,1,17
style.css,376,css,af70fff3,Song Su,2026-04-30,23:24:16,-07:00,2026-04-30T23:24:16-07:00,0,0
style.css,377,css,af70fff3,Song Su,2026-04-30,23:24:16,-07:00,2026-04-30T23:24:16-07:00,0,0
style.css,378,css,af70fff3,Song Su,2026-04-30,23:24:16,-07:00,2026-04-30T23:24:16-07:00,0,6
style.css,379,css,af70fff3,Song Su,2026-04-30,23:24:16,-07:00,2026-04-30T23:24:16-07:00,1,12
style.css,380,css,af70fff3,Song Su,2026-04-30,23:24:16,-07:00,2026-04-30T23:24:16-07:00,1,10
style.css,381,css,af70fff3,Song Su,2026-04-30,23:24:16,-07:00,2026-04-30T23:24:16-07:00,1,11
style.css,382,css,af70fff3,Song Su,2026-04-30,23:24:16,-07:00,2026-04-30T23:24:16-07:00,1,15
style.css,383,css,af70fff3,Song Su,2026-04-30,23:24:16,-07:00,2026-04-30T23:24:16-07:00,1,41
style.css,384,css,af70fff3,Song Su,2026-04-30,23:24:16,-07:00,2026-04-30T23:24:16-07:00,1,57
style.css,385,css,af70fff3,Song Su,2026-04-30,23:24:16,-07:00,2026-04-30T23:24:16-07:00,1,9
style.css,386,css,af70fff3,Song Su,2026-04-30,23:24:16,-07:00,2026-04-30T23:24:16-07:00,0,0
style.css,387,css,af70fff3,Song Su,2026-04-30,23:24:16,-07:00,2026-04-30T23:24:16-07:00,0,0
style.css,388,css,af70fff3,Song Su,2026-04-30,23:24:16,-07:00,2026-04-30T23:24:16-07:00,0,11
style.css,389,css,af70fff3,Song Su,2026-04-30,23:24:16,-07:00,2026-04-30T23:24:16-07:00,1,12
style.css,390,css,af70fff3,Song Su,2026-04-30,23:24:16,-07:00,2026-04-30T23:24:16-07:00,1,18
style.css,391,css,af70fff3,Song Su,2026-04-30,23:24:16,-07:00,2026-04-30T23:24:16-07:00,1,10
style.css,392,css,af70fff3,Song Su,2026-04-30,23:24:16,-07:00,2026-04-30T23:24:16-07:00,0,0
style.css,393,css,af70fff3,Song Su,2026-04-30,23:24:16,-07:00,2026-04-30T23:24:16-07:00,0,0
style.css,394,css,af70fff3,Song Su,2026-04-30,23:24:16,-07:00,2026-04-30T23:24:16-07:00,0,9
style.css,395,css,af70fff3,Song Su,2026-04-30,23:24:16,-07:00,2026-04-30T23:24:16-07:00,1,12
style.css,396,css,af70fff3,Song Su,2026-04-30,23:24:16,-07:00,2026-04-30T23:24:16-07:00,1,22
style.css,397,css,af70fff3,Song Su,2026-04-30,23:24:16,-07:00,2026-04-30T23:24:16-07:00,1,7
style.css,398,css,af70fff3,Song Su,2026-04-30,23:24:16,-07:00,2026-04-30T23:24:16-07:00,0,0
style.css,399,css,af70fff3,Song Su,2026-04-30,23:24:16,-07:00,2026-04-30T23:24:16-07:00,0,0
style.css,400,css,af70fff3,Song Su,2026-04-30,23:24:16,-07:00,2026-04-30T23:24:16-07:00,0,17
style.css,401,css,af70fff3,Song Su,2026-04-30,23:24:16,-07:00,2026-04-30T23:24:16-07:00,1,5
style.css,402,css,af70fff3,Song Su,2026-04-30,23:24:16,-07:00,2026-04-30T23:24:16-07:00,0,0
style.css,403,css,af70fff3,Song Su,2026-04-30,23:24:16,-07:00,2026-04-30T23:24:16-07:00,0,0
style.css,404,css,af70fff3,Song Su,2026-04-30,23:24:16,-07:00,2026-04-30T23:24:16-07:00,0,4
style.css,405,css,af70fff3,Song Su,2026-04-30,23:24:16,-07:00,2026-04-30T23:24:16-07:00,1,16
style.css,406,css,af70fff3,Song Su,2026-04-30,23:24:16,-07:00,2026-04-30T23:24:16-07:00,1,14
style.css,407,css,af70fff3,Song Su,2026-04-30,23:24:16,-07:00,2026-04-30T23:24:16-07:00,0,0
style.css,408,css,af70fff3,Song Su,2026-04-30,23:24:16,-07:00,2026-04-30T23:24:16-07:00,0,0
style.css,409,css,af70fff3,Song Su,2026-04-30,23:24:16,-07:00,2026-04-30T23:24:16-07:00,0,17
style.css,410,css,af70fff3,Song Su,2026-04-30,23:24:16,-07:00,2026-04-30T23:24:16-07:00,1,16
style.css,411,css,af70fff3,Song Su,2026-04-30,23:24:16,-07:00,2026-04-30T23:24:16-07:00,2,11
style.css,412,css,af70fff3,Song Su,2026-04-30,23:24:16,-07:00,2026-04-30T23:24:16-07:00,1,0
style.css,413,css,af70fff3,Song Su,2026-04-30,23:24:16,-07:00,2026-04-30T23:24:16-07:00,0,0
style.css,414,css,af70fff3,Song Su,2026-04-30,23:24:16,-07:00,2026-04-30T23:24:16-07:00,0,0
style.css,415,css,af70fff3,Song Su,2026-04-30,23:24:16,-07:00,2026-04-30T23:24:16-07:00,0,9
style.css,416,css,af70fff3,Song Su,2026-04-30,23:24:16,-07:00,2026-04-30T23:24:16-07:00,1,35
style.css,417,css,af70fff3,Song Su,2026-04-30,23:24:16,-07:00,2026-04-30T23:24:16-07:00,0,0
style.css,418,css,af70fff3,Song Su,2026-04-30,23:24:16,-07:00,2026-04-30T23:24:16-07:00,1,10
style.css,419,css,af70fff3,Song Su,2026-04-30,23:24:16,-07:00,2026-04-30T23:24:16-07:00,2,17
style.css,420,css,af70fff3,Song Su,2026-04-30,23:24:16,-07:00,2026-04-30T23:24:16-07:00,1,0
style.css,421,css,af70fff3,Song Su,2026-04-30,23:24:16,-07:00,2026-04-30T23:24:16-07:00,0,0
style.css,422,css,c0723485,Song Su,2026-05-01,13:11:53,-07:00,2026-05-01T13:11:53-07:00,0,9
style.css,423,css,c0723485,Song Su,2026-05-01,13:11:53,-07:00,2026-05-01T13:11:53-07:00,1,9
style.css,424,css,3c68118b,Song Su,2026-05-01,13:32:00,-07:00,2026-05-01T13:32:00-07:00,1,16
style.css,425,css,c0723485,Song Su,2026-05-01,13:11:53,-07:00,2026-05-01T13:11:53-07:00,0,0
style.css,426,css,1976714d,Song Su,2026-05-08,10:32:42,-07:00,2026-05-08T10:32:42-07:00,0,0
style.css,427,css,1976714d,Song Su,2026-05-08,10:32:42,-07:00,2026-05-08T10:32:42-07:00,0,8
style.css,428,css,1976714d,Song Su,2026-05-08,10:32:42,-07:00,2026-05-08T10:32:42-07:00,1,11
style.css,429,css,1976714d,Song Su,2026-05-08,10:32:42,-07:00,2026-05-08T10:32:42-07:00,1,21
style.css,430,css,1976714d,Song Su,2026-05-08,10:32:42,-07:00,2026-05-08T10:32:42-07:00,1,21
style.css,431,css,1976714d,Song Su,2026-05-08,10:32:42,-07:00,2026-05-08T10:32:42-07:00,1,15
style.css,432,css,1976714d,Song Su,2026-05-08,10:32:42,-07:00,2026-05-08T10:32:42-07:00,0,0
style.css,433,css,1976714d,Song Su,2026-05-08,10:32:42,-07:00,2026-05-08T10:32:42-07:00,0,0
style.css,434,css,1976714d,Song Su,2026-05-08,10:32:42,-07:00,2026-05-08T10:32:42-07:00,0,9
style.css,435,css,1976714d,Song Su,2026-05-08,10:32:42,-07:00,2026-05-08T10:32:42-07:00,1,10
style.css,436,css,1976714d,Song Su,2026-05-08,10:32:42,-07:00,2026-05-08T10:32:42-07:00,1,43
style.css,437,css,1976714d,Song Su,2026-05-08,10:32:42,-07:00,2026-05-08T10:32:42-07:00,0,0
style.css,438,css,1976714d,Song Su,2026-05-08,10:32:42,-07:00,2026-05-08T10:32:42-07:00,0,0
style.css,439,css,1976714d,Song Su,2026-05-08,10:32:42,-07:00,2026-05-08T10:32:42-07:00,0,9
style.css,440,css,1976714d,Song Su,2026-05-08,10:32:42,-07:00,2026-05-08T10:32:42-07:00,1,10
style.css,441,css,1976714d,Song Su,2026-05-08,10:32:42,-07:00,2026-05-08T10:32:42-07:00,1,8
style.css,442,css,1976714d,Song Su,2026-05-08,10:32:42,-07:00,2026-05-08T10:32:42-07:00,1,14
style.css,443,css,1976714d,Song Su,2026-05-08,10:32:42,-07:00,2026-05-08T10:32:42-07:00,0,0
style.css,444,css,1976714d,Song Su,2026-05-08,10:32:42,-07:00,2026-05-08T10:32:42-07:00,0,0
style.css,445,css,1976714d,Song Su,2026-05-08,10:32:42,-07:00,2026-05-08T10:32:42-07:00,0,10
style.css,446,css,1976714d,Song Su,2026-05-08,10:32:42,-07:00,2026-05-08T10:32:42-07:00,1,16
style.css,447,css,1976714d,Song Su,2026-05-08,10:32:42,-07:00,2026-05-08T10:32:42-07:00,1,18
style.css,448,css,1976714d,Song Su,2026-05-08,10:32:42,-07:00,2026-05-08T10:32:42-07:00,1,16
style.css,449,css,1976714d,Song Su,2026-05-08,10:32:42,-07:00,2026-05-08T10:32:42-07:00,0,0
style.css,450,css,1976714d,Song Su,2026-05-08,10:32:42,-07:00,2026-05-08T10:32:42-07:00,0,0
style.css,451,css,1976714d,Song Su,2026-05-08,10:32:42,-07:00,2026-05-08T10:32:42-07:00,0,6
style.css,452,css,1976714d,Song Su,2026-05-08,10:32:42,-07:00,2026-05-08T10:32:42-07:00,1,12
style.css,453,css,1976714d,Song Su,2026-05-08,10:32:42,-07:00,2026-05-08T10:32:42-07:00,1,30
style.css,454,css,1976714d,Song Su,2026-05-08,10:32:42,-07:00,2026-05-08T10:32:42-07:00,1,9
style.css,455,css,1976714d,Song Su,2026-05-08,10:32:42,-07:00,2026-05-08T10:32:42-07:00,1,40
style.css,456,css,1976714d,Song Su,2026-05-08,10:32:42,-07:00,2026-05-08T10:32:42-07:00,1,39
style.css,457,css,1976714d,Song Su,2026-05-08,10:32:42,-07:00,2026-05-08T10:32:42-07:00,1,19
style.css,458,css,1976714d,Song Su,2026-05-08,10:32:42,-07:00,2026-05-08T10:32:42-07:00,1,25
style.css,459,css,1976714d,Song Su,2026-05-08,10:32:42,-07:00,2026-05-08T10:32:42-07:00,1,11
style.css,460,css,1976714d,Song Su,2026-05-08,10:32:42,-07:00,2026-05-08T10:32:42-07:00,1,25
style.css,461,css,1976714d,Song Su,2026-05-08,10:32:42,-07:00,2026-05-08T10:32:42-07:00,1,39
style.css,462,css,1976714d,Song Su,2026-05-08,10:32:42,-07:00,2026-05-08T10:32:42-07:00,0,0
style.css,463,css,1976714d,Song Su,2026-05-08,10:32:42,-07:00,2026-05-08T10:32:42-07:00,0,0
style.css,464,css,1976714d,Song Su,2026-05-08,10:32:42,-07:00,2026-05-08T10:32:42-07:00,0,42
style.css,465,css,1976714d,Song Su,2026-05-08,10:32:42,-07:00,2026-05-08T10:32:42-07:00,1,9
style.css,466,css,1976714d,Song Su,2026-05-08,10:32:42,-07:00,2026-05-08T10:32:42-07:00,1,17
style.css,467,css,1976714d,Song Su,2026-05-08,10:32:42,-07:00,2026-05-08T10:32:42-07:00,0,0
style.css,468,css,1976714d,Song Su,2026-05-08,10:32:42,-07:00,2026-05-08T10:32:42-07:00,0,0
style.css,469,css,1976714d,Song Su,2026-05-08,10:32:42,-07:00,2026-05-08T10:32:42-07:00,0,8
style.css,470,css,1976714d,Song Su,2026-05-08,10:32:42,-07:00,2026-05-08T10:32:42-07:00,1,14
style.css,471,css,1976714d,Song Su,2026-05-08,10:32:42,-07:00,2026-05-08T10:32:42-07:00,1,7
style.css,472,css,1976714d,Song Su,2026-05-08,10:32:42,-07:00,2026-05-08T10:32:42-07:00,1,8
style.css,473,css,1976714d,Song Su,2026-05-08,10:32:42,-07:00,2026-05-08T10:32:42-07:00,0,0
style.css,474,css,1976714d,Song Su,2026-05-08,10:32:42,-07:00,2026-05-08T10:32:42-07:00,1,19
style.css,475,css,1976714d,Song Su,2026-05-08,10:32:42,-07:00,2026-05-08T10:32:42-07:00,0,0
style.css,476,css,1976714d,Song Su,2026-05-08,10:32:42,-07:00,2026-05-08T10:32:42-07:00,0,0
style.css,477,css,1976714d,Song Su,2026-05-08,10:32:42,-07:00,2026-05-08T10:32:42-07:00,0,6
style.css,478,css,00000000,Not Committed Yet,2026-05-22,18:30:55,-07:00,2026-05-22T18:30:55-07:00,1,63
style.css,479,css,00000000,Not Committed Yet,2026-05-22,18:30:55,-07:00,2026-05-22T18:30:55-07:00,1,36
style.css,480,css,1976714d,Song Su,2026-05-08,10:32:42,-07:00,2026-05-08T10:32:42-07:00,1,23
style.css,481,css,1976714d,Song Su,2026-05-08,10:32:42,-07:00,2026-05-08T10:32:42-07:00,1,22
style.css,482,css,1976714d,Song Su,2026-05-08,10:32:42,-07:00,2026-05-08T10:32:42-07:00,1,21
style.css,483,css,00000000,Not Committed Yet,2026-05-22,18:30:55,-07:00,2026-05-22T18:30:55-07:00,1,18
style.css,484,css,ef0efb71,Song Su,2026-05-22,03:13:41,-07:00,2026-05-22T03:13:41-07:00,0,0
style.css,485,css,ef0efb71,Song Su,2026-05-22,03:13:41,-07:00,2026-05-22T03:13:41-07:00,1,15
style.css,486,css,ef0efb71,Song Su,2026-05-22,03:13:41,-07:00,2026-05-22T03:13:41-07:00,2,3
style.css,487,css,00000000,Not Committed Yet,2026-05-22,18:30:55,-07:00,2026-05-22T18:30:55-07:00,2,18
style.css,488,css,ef0efb71,Song Su,2026-05-22,03:13:41,-07:00,2026-05-22T03:13:41-07:00,1,0
style.css,489,css,1976714d,Song Su,2026-05-08,10:32:42,-07:00,2026-05-08T10:32:42-07:00,0,0
style.css,490,css,1976714d,Song Su,2026-05-08,10:32:42,-07:00,2026-05-08T10:32:42-07:00,0,0
style.css,491,css,1976714d,Song Su,2026-05-08,10:32:42,-07:00,2026-05-08T10:32:42-07:00,0,12
style.css,492,css,1976714d,Song Su,2026-05-08,10:32:42,-07:00,2026-05-08T10:32:42-07:00,1,20
style.css,493,css,1976714d,Song Su,2026-05-08,10:32:42,-07:00,2026-05-08T10:32:42-07:00,0,0
style.css,494,css,1976714d,Song Su,2026-05-08,10:32:42,-07:00,2026-05-08T10:32:42-07:00,0,0
style.css,495,css,1976714d,Song Su,2026-05-08,10:32:42,-07:00,2026-05-08T10:32:42-07:00,0,24
style.css,496,css,1976714d,Song Su,2026-05-08,10:32:42,-07:00,2026-05-08T10:32:42-07:00,1,2
style.css,497,css,1976714d,Song Su,2026-05-08,10:32:42,-07:00,2026-05-08T10:32:42-07:00,2,32
style.css,498,css,1976714d,Song Su,2026-05-08,10:32:42,-07:00,2026-05-08T10:32:42-07:00,1,0
style.css,499,css,1976714d,Song Su,2026-05-08,10:32:42,-07:00,2026-05-08T10:32:42-07:00,0,0
style.css,500,css,1976714d,Song Su,2026-05-08,10:32:42,-07:00,2026-05-08T10:32:42-07:00,0,0
style.css,501,css,1976714d,Song Su,2026-05-08,10:32:42,-07:00,2026-05-08T10:32:42-07:00,0,10
style.css,502,css,1976714d,Song Su,2026-05-08,10:32:42,-07:00,2026-05-08T10:32:42-07:00,1,16
style.css,503,css,1976714d,Song Su,2026-05-08,10:32:42,-07:00,2026-05-08T10:32:42-07:00,1,12
style.css,504,css,1976714d,Song Su,2026-05-08,10:32:42,-07:00,2026-05-08T10:32:42-07:00,1,18
style.css,505,css,1976714d,Song Su,2026-05-08,10:32:42,-07:00,2026-05-08T10:32:42-07:00,1,20
style.css,506,css,1976714d,Song Su,2026-05-08,10:32:42,-07:00,2026-05-08T10:32:42-07:00,1,42
style.css,507,css,1976714d,Song Su,2026-05-08,10:32:42,-07:00,2026-05-08T10:32:42-07:00,0,0
style.css,508,css,1976714d,Song Su,2026-05-08,10:32:42,-07:00,2026-05-08T10:32:42-07:00,0,0
style.css,509,css,1976714d,Song Su,2026-05-08,10:32:42,-07:00,2026-05-08T10:32:42-07:00,0,15
style.css,510,css,1976714d,Song Su,2026-05-08,10:32:42,-07:00,2026-05-08T10:32:42-07:00,1,12
style.css,511,css,1976714d,Song Su,2026-05-08,10:32:42,-07:00,2026-05-08T10:32:42-07:00,0,0
style.css,512,css,1976714d,Song Su,2026-05-08,10:32:42,-07:00,2026-05-08T10:32:42-07:00,0,0
style.css,513,css,1976714d,Song Su,2026-05-08,10:32:42,-07:00,2026-05-08T10:32:42-07:00,0,19
style.css,514,css,1976714d,Song Su,2026-05-08,10:32:42,-07:00,2026-05-08T10:32:42-07:00,1,12
style.css,515,css,1976714d,Song Su,2026-05-08,10:32:42,-07:00,2026-05-08T10:32:42-07:00,1,28
style.css,516,css,1976714d,Song Su,2026-05-08,10:32:42,-07:00,2026-05-08T10:32:42-07:00,1,21
style.css,517,css,1976714d,Song Su,2026-05-08,10:32:42,-07:00,2026-05-08T10:32:42-07:00,1,15
style.css,518,css,1976714d,Song Su,2026-05-08,10:32:42,-07:00,2026-05-08T10:32:42-07:00,0,0
style.css,519,css,1976714d,Song Su,2026-05-08,10:32:42,-07:00,2026-05-08T10:32:42-07:00,0,0
style.css,520,css,1976714d,Song Su,2026-05-08,10:32:42,-07:00,2026-05-08T10:32:42-07:00,0,21
style.css,521,css,1976714d,Song Su,2026-05-08,10:32:42,-07:00,2026-05-08T10:32:42-07:00,0,22
style.css,522,css,1976714d,Song Su,2026-05-08,10:32:42,-07:00,2026-05-08T10:32:42-07:00,1,8
style.css,523,css,1976714d,Song Su,2026-05-08,10:32:42,-07:00,2026-05-08T10:32:42-07:00,1,17
style.css,524,css,1976714d,Song Su,2026-05-08,10:32:42,-07:00,2026-05-08T10:32:42-07:00,0,0
style.css,525,css,1976714d,Song Su,2026-05-08,10:32:42,-07:00,2026-05-08T10:32:42-07:00,0,0
style.css,526,css,1976714d,Song Su,2026-05-08,10:32:42,-07:00,2026-05-08T10:32:42-07:00,0,22
style.css,527,css,1976714d,Song Su,2026-05-08,10:32:42,-07:00,2026-05-08T10:32:42-07:00,1,15
style.css,528,css,1976714d,Song Su,2026-05-08,10:32:42,-07:00,2026-05-08T10:32:42-07:00,1,16
style.css,529,css,ef0efb71,Song Su,2026-05-22,03:13:41,-07:00,2026-05-22T03:13:41-07:00,0,0
style.css,530,css,ef0efb71,Song Su,2026-05-22,03:13:41,-07:00,2026-05-22T03:13:41-07:00,0,0
style.css,531,css,ef0efb71,Song Su,2026-05-22,03:13:41,-07:00,2026-05-22T03:13:41-07:00,0,19
style.css,532,css,ef0efb71,Song Su,2026-05-22,03:13:41,-07:00,2026-05-22T03:13:41-07:00,1,12
style.css,533,css,ef0efb71,Song Su,2026-05-22,03:13:41,-07:00,2026-05-22T03:13:41-07:00,1,14
style.css,534,css,ef0efb71,Song Su,2026-05-22,03:13:41,-07:00,2026-05-22T03:13:41-07:00,1,10
style.css,535,css,ef0efb71,Song Su,2026-05-22,03:13:41,-07:00,2026-05-22T03:13:41-07:00,1,14
style.css,536,css,ef0efb71,Song Su,2026-05-22,03:13:41,-07:00,2026-05-22T03:13:41-07:00,1,18
style.css,537,css,ef0efb71,Song Su,2026-05-22,03:13:41,-07:00,2026-05-22T03:13:41-07:00,0,0
style.css,538,css,ef0efb71,Song Su,2026-05-22,03:13:41,-07:00,2026-05-22T03:13:41-07:00,0,0
style.css,539,css,ef0efb71,Song Su,2026-05-22,03:13:41,-07:00,2026-05-22T03:13:41-07:00,0,33
style.css,540,css,ef0efb71,Song Su,2026-05-22,03:13:41,-07:00,2026-05-22T03:13:41-07:00,1,13
style.css,541,css,ef0efb71,Song Su,2026-05-22,03:13:41,-07:00,2026-05-22T03:13:41-07:00,1,11
style.css,542,css,ef0efb71,Song Su,2026-05-22,03:13:41,-07:00,2026-05-22T03:13:41-07:00,1,22
style.css,543,css,ef0efb71,Song Su,2026-05-22,03:13:41,-07:00,2026-05-22T03:13:41-07:00,0,0
style.css,544,css,ef0efb71,Song Su,2026-05-22,03:13:41,-07:00,2026-05-22T03:13:41-07:00,0,0
style.css,545,css,ef0efb71,Song Su,2026-05-22,03:13:41,-07:00,2026-05-22T03:13:41-07:00,0,18
style.css,546,css,ef0efb71,Song Su,2026-05-22,03:13:41,-07:00,2026-05-22T03:13:41-07:00,1,13
style.css,547,css,ef0efb71,Song Su,2026-05-22,03:13:41,-07:00,2026-05-22T03:13:41-07:00,1,13
style.css,548,css,ef0efb71,Song Su,2026-05-22,03:13:41,-07:00,2026-05-22T03:13:41-07:00,1,16
style.css,549,css,ef0efb71,Song Su,2026-05-22,03:13:41,-07:00,2026-05-22T03:13:41-07:00,1,16
style.css,550,css,ef0efb71,Song Su,2026-05-22,03:13:41,-07:00,2026-05-22T03:13:41-07:00,1,15
style.css,551,css,ef0efb71,Song Su,2026-05-22,03:13:41,-07:00,2026-05-22T03:13:41-07:00,1,15
style.css,552,css,ef0efb71,Song Su,2026-05-22,03:13:41,-07:00,2026-05-22T03:13:41-07:00,0,0
style.css,553,css,ef0efb71,Song Su,2026-05-22,03:13:41,-07:00,2026-05-22T03:13:41-07:00,0,0
style.css,554,css,ef0efb71,Song Su,2026-05-22,03:13:41,-07:00,2026-05-22T03:13:41-07:00,0,6
style.css,555,css,9991411c,Song Su,2026-05-22,03:29:55,-07:00,2026-05-22T03:29:55-07:00,1,10
style.css,556,css,ef0efb71,Song Su,2026-05-22,03:13:41,-07:00,2026-05-22T03:13:41-07:00,1,12
style.css,557,css,ef0efb71,Song Su,2026-05-22,03:13:41,-07:00,2026-05-22T03:13:41-07:00,1,29
style.css,558,css,ef0efb71,Song Su,2026-05-22,03:13:41,-07:00,2026-05-22T03:13:41-07:00,0,0
style.css,559,css,ef0efb71,Song Su,2026-05-22,03:13:41,-07:00,2026-05-22T03:13:41-07:00,1,5
style.css,560,css,ef0efb71,Song Su,2026-05-22,03:13:41,-07:00,2026-05-22T03:13:41-07:00,2,18
style.css,561,css,ef0efb71,Song Su,2026-05-22,03:13:41,-07:00,2026-05-22T03:13:41-07:00,2,12
style.css,562,css,ef0efb71,Song Su,2026-05-22,03:13:41,-07:00,2026-05-22T03:13:41-07:00,2,29
style.css,563,css,ef0efb71,Song Su,2026-05-22,03:13:41,-07:00,2026-05-22T03:13:41-07:00,1,0
style.css,564,css,ef0efb71,Song Su,2026-05-22,03:13:41,-07:00,2026-05-22T03:13:41-07:00,0,0
style.css,565,css,ef0efb71,Song Su,2026-05-22,03:13:41,-07:00,2026-05-22T03:13:41-07:00,1,2
style.css,566,css,ef0efb71,Song Su,2026-05-22,03:13:41,-07:00,2026-05-22T03:13:41-07:00,2,13
style.css,567,css,ef0efb71,Song Su,2026-05-22,03:13:41,-07:00,2026-05-22T03:13:41-07:00,1,0
style.css,568,css,ef0efb71,Song Su,2026-05-22,03:13:41,-07:00,2026-05-22T03:13:41-07:00,0,0
style.css,569,css,ef0efb71,Song Su,2026-05-22,03:13:41,-07:00,2026-05-22T03:13:41-07:00,1,2
style.css,570,css,ef0efb71,Song Su,2026-05-22,03:13:41,-07:00,2026-05-22T03:13:41-07:00,2,13
style.css,571,css,ef0efb71,Song Su,2026-05-22,03:13:41,-07:00,2026-05-22T03:13:41-07:00,2,12
style.css,572,css,ef0efb71,Song Su,2026-05-22,03:13:41,-07:00,2026-05-22T03:13:41-07:00,2,14
style.css,573,css,ef0efb71,Song Su,2026-05-22,03:13:41,-07:00,2026-05-22T03:13:41-07:00,2,17
style.css,574,css,ef0efb71,Song Su,2026-05-22,03:13:41,-07:00,2026-05-22T03:13:41-07:00,2,19
style.css,575,css,ef0efb71,Song Su,2026-05-22,03:13:41,-07:00,2026-05-22T03:13:41-07:00,2,10
style.css,576,css,ef0efb71,Song Su,2026-05-22,03:13:41,-07:00,2026-05-22T03:13:41-07:00,2,17
style.css,577,css,ef0efb71,Song Su,2026-05-22,03:13:41,-07:00,2026-05-22T03:13:41-07:00,2,13
style.css,578,css,9991411c,Song Su,2026-05-22,03:29:55,-07:00,2026-05-22T03:29:55-07:00,2,16
style.css,579,css,9991411c,Song Su,2026-05-22,03:29:55,-07:00,2026-05-22T03:29:55-07:00,1,0
style.css,580,css,9991411c,Song Su,2026-05-22,03:29:55,-07:00,2026-05-22T03:29:55-07:00,0,0
style.css,581,css,9991411c,Song Su,2026-05-22,03:29:55,-07:00,2026-05-22T03:29:55-07:00,1,4
style.css,582,css,9991411c,Song Su,2026-05-22,03:29:55,-07:00,2026-05-22T03:29:55-07:00,2,12
style.css,583,css,00000000,Not Committed Yet,2026-05-22,18:30:55,-07:00,2026-05-22T18:30:55-07:00,2,11
style.css,584,css,9991411c,Song Su,2026-05-22,03:29:55,-07:00,2026-05-22T03:29:55-07:00,2,14
style.css,585,css,9991411c,Song Su,2026-05-22,03:29:55,-07:00,2026-05-22T03:29:55-07:00,2,23
style.css,586,css,9991411c,Song Su,2026-05-22,03:29:55,-07:00,2026-05-22T03:29:55-07:00,2,17
style.css,587,css,ef0efb71,Song Su,2026-05-22,03:13:41,-07:00,2026-05-22T03:13:41-07:00,1,0
style.css,588,css,ef0efb71,Song Su,2026-05-22,03:13:41,-07:00,2026-05-22T03:13:41-07:00,0,0
style.css,589,css,ef0efb71,Song Su,2026-05-22,03:13:41,-07:00,2026-05-22T03:13:41-07:00,1,7
style.css,590,css,ef0efb71,Song Su,2026-05-22,03:13:41,-07:00,2026-05-22T03:13:41-07:00,2,13
style.css,591,css,ef0efb71,Song Su,2026-05-22,03:13:41,-07:00,2026-05-22T03:13:41-07:00,2,15
style.css,592,css,ef0efb71,Song Su,2026-05-22,03:13:41,-07:00,2026-05-22T03:13:41-07:00,2,86
style.css,593,css,ef0efb71,Song Su,2026-05-22,03:13:41,-07:00,2026-05-22T03:13:41-07:00,1,0
style.css,594,css,ef0efb71,Song Su,2026-05-22,03:13:41,-07:00,2026-05-22T03:13:41-07:00,0,0
style.css,595,css,ef0efb71,Song Su,2026-05-22,03:13:41,-07:00,2026-05-22T03:13:41-07:00,1,4
style.css,596,css,ef0efb71,Song Su,2026-05-22,03:13:41,-07:00,2026-05-22T03:13:41-07:00,2,13
style.css,597,css,ef0efb71,Song Su,2026-05-22,03:13:41,-07:00,2026-05-22T03:13:41-07:00,2,15
style.css,598,css,ef0efb71,Song Su,2026-05-22,03:13:41,-07:00,2026-05-22T03:13:41-07:00,2,10
style.css,599,css,ef0efb71,Song Su,2026-05-22,03:13:41,-07:00,2026-05-22T03:13:41-07:00,0,0
style.css,600,css,ef0efb71,Song Su,2026-05-22,03:13:41,-07:00,2026-05-22T03:13:41-07:00,1,0
style.css,601,css,ef0efb71,Song Su,2026-05-22,03:13:41,-07:00,2026-05-22T03:13:41-07:00,0,0
style.css,602,css,ef0efb71,Song Su,2026-05-22,03:13:41,-07:00,2026-05-22T03:13:41-07:00,0,0
style.css,603,css,ef0efb71,Song Su,2026-05-22,03:13:41,-07:00,2026-05-22T03:13:41-07:00,0,10
style.css,604,css,ef0efb71,Song Su,2026-05-22,03:13:41,-07:00,2026-05-22T03:13:41-07:00,1,17
style.css,605,css,ef0efb71,Song Su,2026-05-22,03:13:41,-07:00,2026-05-22T03:13:41-07:00,1,12
style.css,606,css,ef0efb71,Song Su,2026-05-22,03:13:41,-07:00,2026-05-22T03:13:41-07:00,1,8
style.css,607,css,ef0efb71,Song Su,2026-05-22,03:13:41,-07:00,2026-05-22T03:13:41-07:00,0,0
style.css,608,css,ef0efb71,Song Su,2026-05-22,03:13:41,-07:00,2026-05-22T03:13:41-07:00,1,3
style.css,609,css,ef0efb71,Song Su,2026-05-22,03:13:41,-07:00,2026-05-22T03:13:41-07:00,2,6
style.css,610,css,ef0efb71,Song Su,2026-05-22,03:13:41,-07:00,2026-05-22T03:13:41-07:00,1,0
style.css,611,css,ef0efb71,Song Su,2026-05-22,03:13:41,-07:00,2026-05-22T03:13:41-07:00,0,0
style.css,612,css,ef0efb71,Song Su,2026-05-22,03:13:41,-07:00,2026-05-22T03:13:41-07:00,0,0
style.css,613,css,ef0efb71,Song Su,2026-05-22,03:13:41,-07:00,2026-05-22T03:13:41-07:00,0,14
style.css,614,css,ef0efb71,Song Su,2026-05-22,03:13:41,-07:00,2026-05-22T03:13:41-07:00,1,17
style.css,615,css,ef0efb71,Song Su,2026-05-22,03:13:41,-07:00,2026-05-22T03:13:41-07:00,0,0
style.css,616,css,ef0efb71,Song Su,2026-05-22,03:13:41,-07:00,2026-05-22T03:13:41-07:00,0,0
style.css,617,css,ef0efb71,Song Su,2026-05-22,03:13:41,-07:00,2026-05-22T03:13:41-07:00,0,5
style.css,618,css,ef0efb71,Song Su,2026-05-22,03:13:41,-07:00,2026-05-22T03:13:41-07:00,1,18
style.css,619,css,ef0efb71,Song Su,2026-05-22,03:13:41,-07:00,2026-05-22T03:13:41-07:00,0,0
style.css,620,css,ef0efb71,Song Su,2026-05-22,03:13:41,-07:00,2026-05-22T03:13:41-07:00,0,0
style.css,621,css,ef0efb71,Song Su,2026-05-22,03:13:41,-07:00,2026-05-22T03:13:41-07:00,0,13
style.css,622,css,ef0efb71,Song Su,2026-05-22,03:13:41,-07:00,2026-05-22T03:13:41-07:00,1,15
style.css,623,css,ef0efb71,Song Su,2026-05-22,03:13:41,-07:00,2026-05-22T03:13:41-07:00,1,5
style.css,624,css,ef0efb71,Song Su,2026-05-22,03:13:41,-07:00,2026-05-22T03:13:41-07:00,1,6
style.css,625,css,ef0efb71,Song Su,2026-05-22,03:13:41,-07:00,2026-05-22T03:13:41-07:00,1,11
style.css,626,css,ef0efb71,Song Su,2026-05-22,03:13:41,-07:00,2026-05-22T03:13:41-07:00,1,11
style.css,627,css,ef0efb71,Song Su,2026-05-22,03:13:41,-07:00,2026-05-22T03:13:41-07:00,0,0
style.css,628,css,ef0efb71,Song Su,2026-05-22,03:13:41,-07:00,2026-05-22T03:13:41-07:00,0,0
index.js,1,js,cc038949,Song Su,2026-04-24,13:46:11,-07:00,2026-04-24T13:46:11-07:00,0,71
index.js,2,js,cc038949,Song Su,2026-04-24,13:46:11,-07:00,2026-04-24T13:46:11-07:00,0,0
index.js,3,js,cc038949,Song Su,2026-04-24,13:46:11,-07:00,2026-04-24T13:46:11-07:00,0,54
index.js,4,js,cc038949,Song Su,2026-04-24,13:46:11,-07:00,2026-04-24T13:46:11-07:00,0,42
index.js,5,js,cc038949,Song Su,2026-04-24,13:46:11,-07:00,2026-04-24T13:46:11-07:00,0,0
index.js,6,js,cc038949,Song Su,2026-04-24,13:46:11,-07:00,2026-04-24T13:46:11-07:00,0,60
index.js,7,js,cc038949,Song Su,2026-04-24,13:46:11,-07:00,2026-04-24T13:46:11-07:00,0,0
index.js,8,js,cc038949,Song Su,2026-04-24,13:46:11,-07:00,2026-04-24T13:46:11-07:00,0,54
index.js,9,js,cc038949,Song Su,2026-04-24,13:46:11,-07:00,2026-04-24T13:46:11-07:00,0,0
index.js,10,js,cc038949,Song Su,2026-04-24,13:46:11,-07:00,2026-04-24T13:46:11-07:00,0,55
index.js,11,js,cc038949,Song Su,2026-04-24,13:46:11,-07:00,2026-04-24T13:46:11-07:00,0,0
index.js,12,js,cc038949,Song Su,2026-04-24,13:46:11,-07:00,2026-04-24T13:46:11-07:00,0,60
index.js,13,js,cc038949,Song Su,2026-04-24,13:46:11,-07:00,2026-04-24T13:46:11-07:00,0,0
index.js,14,js,cc038949,Song Su,2026-04-24,13:46:11,-07:00,2026-04-24T13:46:11-07:00,0,17
index.js,15,js,cc038949,Song Su,2026-04-24,13:46:11,-07:00,2026-04-24T13:46:11-07:00,1,24
index.js,16,js,cc038949,Song Su,2026-04-24,13:46:11,-07:00,2026-04-24T13:46:11-07:00,4,2
index.js,17,js,cc038949,Song Su,2026-04-24,13:46:11,-07:00,2026-04-24T13:46:11-07:00,5,55
index.js,18,js,cc038949,Song Su,2026-04-24,13:46:11,-07:00,2026-04-24T13:46:11-07:00,5,55
index.js,19,js,cc038949,Song Su,2026-04-24,13:46:11,-07:00,2026-04-24T13:46:11-07:00,5,49
index.js,20,js,cc038949,Song Su,2026-04-24,13:46:11,-07:00,2026-04-24T13:46:11-07:00,5,49
index.js,21,js,cc038949,Song Su,2026-04-24,13:46:11,-07:00,2026-04-24T13:46:11-07:00,4,3
index.js,22,js,cc038949,Song Su,2026-04-24,13:46:11,-07:00,2026-04-24T13:46:11-07:00,2,0
index.js,23,js,cc038949,Song Su,2026-04-24,13:46:11,-07:00,2026-04-24T13:46:11-07:00,0,0
index.html,1,html,7a42878b,Song Su,2026-03-30,17:35:50,-07:00,2026-03-30T17:35:50-07:00,0,13
index.html,2,html,7a42878b,Song Su,2026-03-30,17:35:50,-07:00,2026-03-30T17:35:50-07:00,0,14
index.html,3,html,7a42878b,Song Su,2026-03-30,17:35:50,-07:00,2026-03-30T17:35:50-07:00,0,4
index.html,4,html,7a42878b,Song Su,2026-03-30,17:35:50,-07:00,2026-03-30T17:35:50-07:00,2,20
index.html,5,html,7a42878b,Song Su,2026-03-30,17:35:50,-07:00,2026-03-30T17:35:50-07:00,2,68
index.html,6,html,7a42878b,Song Su,2026-03-30,17:35:50,-07:00,2026-03-30T17:35:50-07:00,2,49
index.html,7,html,84dbf6fe,Song Su,2026-03-30,20:26:05,-07:00,2026-03-30T20:26:05-07:00,2,38
index.html,8,html,dd99e957,Song Su,2026-04-18,15:55:42,-07:00,2026-04-18T15:55:42-07:00,2,47
index.html,9,html,b5c03e04,Song Su,2026-04-24,14:07:54,-07:00,2026-04-24T14:07:54-07:00,2,46
index.html,10,html,7a42878b,Song Su,2026-03-30,17:35:50,-07:00,2026-03-30T17:35:50-07:00,0,5
index.html,11,html,7a42878b,Song Su,2026-03-30,17:35:50,-07:00,2026-03-30T17:35:50-07:00,0,4
index.html,12,html,ebabdb4c,Song Su,2026-04-17,16:14:39,-07:00,2026-04-17T16:14:39-07:00,0,0
index.html,13,html,7f29dd2e,Song Su,2026-04-09,12:19:46,-07:00,2026-04-09T12:19:46-07:00,0,0
index.html,14,html,b68c5a47,Song Su,2026-03-31,13:22:44,-07:00,2026-03-31T13:22:44-07:00,2,14
index.html,15,html,b68c5a47,Song Su,2026-03-31,13:22:44,-07:00,2026-03-31T13:22:44-07:00,2,121
index.html,16,html,7a42878b,Song Su,2026-03-30,17:35:50,-07:00,2026-03-30T17:35:50-07:00,0,119
index.html,17,html,7a42878b,Song Su,2026-03-30,17:35:50,-07:00,2026-03-30T17:35:50-07:00,0,125
index.html,18,html,5010a33a,Song Su,2026-03-30,17:54:11,-07:00,2026-03-30T17:54:11-07:00,0,30
index.html,19,html,cc038949,Song Su,2026-04-24,13:46:11,-07:00,2026-04-24T13:46:11-07:00,2,77
index.html,20,html,cc038949,Song Su,2026-04-24,13:46:11,-07:00,2026-04-24T13:46:11-07:00,0,0
index.html,21,html,cc038949,Song Su,2026-04-24,13:46:11,-07:00,2026-04-24T13:46:11-07:00,2,22
index.html,22,html,cc038949,Song Su,2026-04-24,13:46:11,-07:00,2026-04-24T13:46:11-07:00,2,20
index.html,23,html,cc038949,Song Su,2026-04-24,13:46:11,-07:00,2026-04-24T13:46:11-07:00,4,49
index.html,24,html,cc038949,Song Su,2026-04-24,13:46:11,-07:00,2026-04-24T13:46:11-07:00,2,4
index.html,25,html,cc038949,Song Su,2026-04-24,13:46:11,-07:00,2026-04-24T13:46:11-07:00,2,22
index.html,26,html,cc038949,Song Su,2026-04-24,13:46:11,-07:00,2026-04-24T13:46:11-07:00,2,22
index.html,27,html,cc038949,Song Su,2026-04-24,13:46:11,-07:00,2026-04-24T13:46:11-07:00,0,0
index.html,28,html,cc038949,Song Su,2026-04-24,13:46:11,-07:00,2026-04-24T13:46:11-07:00,2,4
index.html,29,html,7a42878b,Song Su,2026-03-30,17:35:50,-07:00,2026-03-30T17:35:50-07:00,0,5
index.html,30,html,7a42878b,Song Su,2026-03-30,17:35:50,-07:00,2026-03-30T17:35:50-07:00,0,5
global.js,1,js,ebabdb4c,Song Su,2026-04-17,16:14:39,-07:00,2026-04-17T16:14:39-07:00,0,1
global.js,2,js,ebabdb4c,Song Su,2026-04-17,16:14:39,-07:00,2026-04-17T16:14:39-07:00,0,25
global.js,3,js,ebabdb4c,Song Su,2026-04-17,16:14:39,-07:00,2026-04-17T16:14:39-07:00,0,0
global.js,4,js,ebabdb4c,Song Su,2026-04-17,16:14:39,-07:00,2026-04-17T16:14:39-07:00,0,41
global.js,5,js,ebabdb4c,Song Su,2026-04-17,16:14:39,-07:00,2026-04-17T16:14:39-07:00,1,52
global.js,6,js,ebabdb4c,Song Su,2026-04-17,16:14:39,-07:00,2026-04-17T16:14:39-07:00,0,0
global.js,7,js,ebabdb4c,Song Su,2026-04-17,16:14:39,-07:00,2026-04-17T16:14:39-07:00,0,0
global.js,8,js,ebabdb4c,Song Su,2026-04-17,16:14:39,-07:00,2026-04-17T16:14:39-07:00,0,6
global.js,9,js,ebabdb4c,Song Su,2026-04-17,16:14:39,-07:00,2026-04-17T16:14:39-07:00,0,30
global.js,10,js,ebabdb4c,Song Su,2026-04-17,16:14:39,-07:00,2026-04-17T16:14:39-07:00,0,0
global.js,11,js,ebabdb4c,Song Su,2026-04-17,16:14:39,-07:00,2026-04-17T16:14:39-07:00,0,6
global.js,12,js,ebabdb4c,Song Su,2026-04-17,16:14:39,-07:00,2026-04-17T16:14:39-07:00,0,33
global.js,13,js,ebabdb4c,Song Su,2026-04-17,16:14:39,-07:00,2026-04-17T16:14:39-07:00,0,71
global.js,14,js,ebabdb4c,Song Su,2026-04-17,16:14:39,-07:00,2026-04-17T16:14:39-07:00,0,3
global.js,15,js,ebabdb4c,Song Su,2026-04-17,16:14:39,-07:00,2026-04-17T16:14:39-07:00,0,0
global.js,16,js,ebabdb4c,Song Su,2026-04-17,16:14:39,-07:00,2026-04-17T16:14:39-07:00,0,6
global.js,17,js,ebabdb4c,Song Su,2026-04-17,16:14:39,-07:00,2026-04-17T16:14:39-07:00,0,38
global.js,18,js,ebabdb4c,Song Su,2026-04-17,16:14:39,-07:00,2026-04-17T16:14:39-07:00,0,0
global.js,19,js,ebabdb4c,Song Su,2026-04-17,16:14:39,-07:00,2026-04-17T16:14:39-07:00,0,19
global.js,20,js,ebabdb4c,Song Su,2026-04-17,16:14:39,-07:00,2026-04-17T16:14:39-07:00,0,39
global.js,21,js,ebabdb4c,Song Su,2026-04-17,16:14:39,-07:00,2026-04-17T16:14:39-07:00,0,41
global.js,22,js,ebabdb4c,Song Su,2026-04-17,16:14:39,-07:00,2026-04-17T16:14:39-07:00,0,2
global.js,23,js,ebabdb4c,Song Su,2026-04-17,16:14:39,-07:00,2026-04-17T16:14:39-07:00,0,0
global.js,24,js,ebabdb4c,Song Su,2026-04-17,16:14:39,-07:00,2026-04-17T16:14:39-07:00,0,3
global.js,25,js,ebabdb4c,Song Su,2026-04-17,16:14:39,-07:00,2026-04-17T16:14:39-07:00,0,11
global.js,26,js,ebabdb4c,Song Su,2026-04-17,16:14:39,-07:00,2026-04-17T16:14:39-07:00,1,25
global.js,27,js,ebabdb4c,Song Su,2026-04-17,16:14:39,-07:00,2026-04-17T16:14:39-07:00,1,38
global.js,28,js,ebabdb4c,Song Su,2026-04-17,16:14:39,-07:00,2026-04-17T16:14:39-07:00,1,35
global.js,29,js,1976714d,Song Su,2026-05-08,10:32:42,-07:00,2026-05-08T10:32:42-07:00,1,29
global.js,30,js,ebabdb4c,Song Su,2026-04-17,16:14:39,-07:00,2026-04-17T16:14:39-07:00,1,58
global.js,31,js,ebabdb4c,Song Su,2026-04-17,16:14:39,-07:00,2026-04-17T16:14:39-07:00,1,32
global.js,32,js,ebabdb4c,Song Su,2026-04-17,16:14:39,-07:00,2026-04-17T16:14:39-07:00,0,0
global.js,33,js,ebabdb4c,Song Su,2026-04-17,16:14:39,-07:00,2026-04-17T16:14:39-07:00,0,0
global.js,34,js,ebabdb4c,Song Su,2026-04-17,16:14:39,-07:00,2026-04-17T16:14:39-07:00,0,38
global.js,35,js,ebabdb4c,Song Su,2026-04-17,16:14:39,-07:00,2026-04-17T16:14:39-07:00,0,25
global.js,36,js,ebabdb4c,Song Su,2026-04-17,16:14:39,-07:00,2026-04-17T16:14:39-07:00,0,0
global.js,37,js,ebabdb4c,Song Su,2026-04-17,16:14:39,-07:00,2026-04-17T16:14:39-07:00,0,88
global.js,38,js,ebabdb4c,Song Su,2026-04-17,16:14:39,-07:00,2026-04-17T16:14:39-07:00,1,36
global.js,39,js,ebabdb4c,Song Su,2026-04-17,16:14:39,-07:00,2026-04-17T16:14:39-07:00,1,48
global.js,40,js,ebabdb4c,Song Su,2026-04-17,16:14:39,-07:00,2026-04-17T16:14:39-07:00,0,0
global.js,41,js,ebabdb4c,Song Su,2026-04-17,16:14:39,-07:00,2026-04-17T16:14:39-07:00,0,20
global.js,42,js,ebabdb4c,Song Su,2026-04-17,16:14:39,-07:00,2026-04-17T16:14:39-07:00,1,14
global.js,43,js,ebabdb4c,Song Su,2026-04-17,16:14:39,-07:00,2026-04-17T16:14:39-07:00,1,18
global.js,44,js,ebabdb4c,Song Su,2026-04-17,16:14:39,-07:00,2026-04-17T16:14:39-07:00,1,41
global.js,45,js,ebabdb4c,Song Su,2026-04-17,16:14:39,-07:00,2026-04-17T16:14:39-07:00,1,28
global.js,46,js,ebabdb4c,Song Su,2026-04-17,16:14:39,-07:00,2026-04-17T16:14:39-07:00,1,21
global.js,47,js,ebabdb4c,Song Su,2026-04-17,16:14:39,-07:00,2026-04-17T16:14:39-07:00,1,0
global.js,48,js,ebabdb4c,Song Su,2026-04-17,16:14:39,-07:00,2026-04-17T16:14:39-07:00,1,69
global.js,49,js,ebabdb4c,Song Su,2026-04-17,16:14:39,-07:00,2026-04-17T16:14:39-07:00,1,3
global.js,50,js,ebabdb4c,Song Su,2026-04-17,16:14:39,-07:00,2026-04-17T16:14:39-07:00,1,34
global.js,51,js,ebabdb4c,Song Su,2026-04-17,16:14:39,-07:00,2026-04-17T16:14:39-07:00,1,11
global.js,52,js,ebabdb4c,Song Su,2026-04-17,16:14:39,-07:00,2026-04-17T16:14:39-07:00,1,20
global.js,53,js,ebabdb4c,Song Su,2026-04-17,16:14:39,-07:00,2026-04-17T16:14:39-07:00,1,65
global.js,54,js,ebabdb4c,Song Su,2026-04-17,16:14:39,-07:00,2026-04-17T16:14:39-07:00,1,25
global.js,55,js,ebabdb4c,Song Su,2026-04-17,16:14:39,-07:00,2026-04-17T16:14:39-07:00,1,0
global.js,56,js,ebabdb4c,Song Su,2026-04-17,16:14:39,-07:00,2026-04-17T16:14:39-07:00,1,29
global.js,57,js,ebabdb4c,Song Su,2026-04-17,16:14:39,-07:00,2026-04-17T16:14:39-07:00,1,17
global.js,58,js,ebabdb4c,Song Su,2026-04-17,16:14:39,-07:00,2026-04-17T16:14:39-07:00,1,0
global.js,59,js,ebabdb4c,Song Su,2026-04-17,16:14:39,-07:00,2026-04-17T16:14:39-07:00,0,0
global.js,60,js,ebabdb4c,Song Su,2026-04-17,16:14:39,-07:00,2026-04-17T16:14:39-07:00,0,0
global.js,61,js,ebabdb4c,Song Su,2026-04-17,16:14:39,-07:00,2026-04-17T16:14:39-07:00,1,12
global.js,62,js,ebabdb4c,Song Su,2026-04-17,16:14:39,-07:00,2026-04-17T16:14:39-07:00,0,0
global.js,63,js,ebabdb4c,Song Su,2026-04-17,16:14:39,-07:00,2026-04-17T16:14:39-07:00,0,0
global.js,64,js,ebabdb4c,Song Su,2026-04-17,16:14:39,-07:00,2026-04-17T16:14:39-07:00,0,3
global.js,65,js,ebabdb4c,Song Su,2026-04-17,16:14:39,-07:00,2026-04-17T16:14:39-07:00,0,0
global.js,66,js,ebabdb4c,Song Su,2026-04-17,16:14:39,-07:00,2026-04-17T16:14:39-07:00,0,31
global.js,67,js,ebabdb4c,Song Su,2026-04-17,16:14:39,-07:00,2026-04-17T16:14:39-07:00,1,11
global.js,68,js,ebabdb4c,Song Su,2026-04-17,16:14:39,-07:00,2026-04-17T16:14:39-07:00,1,0
global.js,69,js,ebabdb4c,Song Su,2026-04-17,16:14:39,-07:00,2026-04-17T16:14:39-07:00,0,27
global.js,70,js,ebabdb4c,Song Su,2026-04-17,16:14:39,-07:00,2026-04-17T16:14:39-07:00,0,4
global.js,71,js,ebabdb4c,Song Su,2026-04-17,16:14:39,-07:00,2026-04-17T16:14:39-07:00,0,6
global.js,72,js,ebabdb4c,Song Su,2026-04-17,16:14:39,-07:00,2026-04-17T16:14:39-07:00,0,43
global.js,73,js,ebabdb4c,Song Su,2026-04-17,16:14:39,-07:00,2026-04-17T16:14:39-07:00,3,34
global.js,74,js,ebabdb4c,Song Su,2026-04-17,16:14:39,-07:00,2026-04-17T16:14:39-07:00,3,32
global.js,75,js,ebabdb4c,Song Su,2026-04-17,16:14:39,-07:00,2026-04-17T16:14:39-07:00,0,7
global.js,76,js,ebabdb4c,Song Su,2026-04-17,16:14:39,-07:00,2026-04-17T16:14:39-07:00,0,8
global.js,77,js,ebabdb4c,Song Su,2026-04-17,16:14:39,-07:00,2026-04-17T16:14:39-07:00,0,0
global.js,78,js,ebabdb4c,Song Su,2026-04-17,16:14:39,-07:00,2026-04-17T16:14:39-07:00,0,0
global.js,79,js,ebabdb4c,Song Su,2026-04-17,16:14:39,-07:00,2026-04-17T16:14:39-07:00,0,7
global.js,80,js,a70d2049,Song Su,2026-04-17,20:36:26,-07:00,2026-04-17T20:36:26-07:00,0,58
global.js,81,js,ebabdb4c,Song Su,2026-04-17,16:14:39,-07:00,2026-04-17T16:14:39-07:00,0,0
global.js,82,js,ebabdb4c,Song Su,2026-04-17,16:14:39,-07:00,2026-04-17T16:14:39-07:00,0,32
global.js,83,js,ebabdb4c,Song Su,2026-04-17,16:14:39,-07:00,2026-04-17T16:14:39-07:00,2,38
global.js,84,js,ebabdb4c,Song Su,2026-04-17,16:14:39,-07:00,2026-04-17T16:14:39-07:00,2,83
global.js,85,js,d4cf10ce,Song Su,2026-04-17,22:04:48,-07:00,2026-04-17T22:04:48-07:00,0,6
global.js,86,js,d4cf10ce,Song Su,2026-04-17,22:04:48,-07:00,2026-04-17T22:04:48-07:00,1,71
global.js,87,js,ebabdb4c,Song Su,2026-04-17,16:14:39,-07:00,2026-04-17T16:14:39-07:00,0,0
global.js,88,js,ebabdb4c,Song Su,2026-04-17,16:14:39,-07:00,2026-04-17T16:14:39-07:00,0,0
global.js,89,js,ebabdb4c,Song Su,2026-04-17,16:14:39,-07:00,2026-04-17T16:14:39-07:00,0,49
global.js,90,js,ebabdb4c,Song Su,2026-04-17,16:14:39,-07:00,2026-04-17T16:14:39-07:00,1,57
global.js,91,js,ebabdb4c,Song Su,2026-04-17,16:14:39,-07:00,2026-04-17T16:14:39-07:00,1,43
global.js,92,js,ebabdb4c,Song Su,2026-04-17,16:14:39,-07:00,2026-04-17T16:14:39-07:00,1,77
global.js,93,js,ebabdb4c,Song Su,2026-04-17,16:14:39,-07:00,2026-04-17T16:14:39-07:00,1,0
global.js,94,js,ebabdb4c,Song Su,2026-04-17,16:14:39,-07:00,2026-04-17T16:14:39-07:00,0,1
global.js,95,js,ebabdb4c,Song Su,2026-04-17,16:14:39,-07:00,2026-04-17T16:14:39-07:00,0,0
global.js,96,js,dd99e957,Song Su,2026-04-18,15:55:42,-07:00,2026-04-18T15:55:42-07:00,0,1
global.js,97,js,dd99e957,Song Su,2026-04-18,15:55:42,-07:00,2026-04-18T15:55:42-07:00,0,42
global.js,98,js,dd99e957,Song Su,2026-04-18,15:55:42,-07:00,2026-04-18T15:55:42-07:00,0,0
global.js,99,js,dd99e957,Song Su,2026-04-18,15:55:42,-07:00,2026-04-18T15:55:42-07:00,0,43
global.js,100,js,dd99e957,Song Su,2026-04-18,15:55:42,-07:00,2026-04-18T15:55:42-07:00,1,21
global.js,101,js,dd99e957,Song Su,2026-04-18,15:55:42,-07:00,2026-04-18T15:55:42-07:00,0,0
global.js,102,js,dd99e957,Song Su,2026-04-18,15:55:42,-07:00,2026-04-18T15:55:42-07:00,1,30
global.js,103,js,dd99e957,Song Su,2026-04-18,15:55:42,-07:00,2026-04-18T15:55:42-07:00,1,14
global.js,104,js,dd99e957,Song Su,2026-04-18,15:55:42,-07:00,2026-04-18T15:55:42-07:00,0,0
global.js,105,js,dd99e957,Song Su,2026-04-18,15:55:42,-07:00,2026-04-18T15:55:42-07:00,1,31
global.js,106,js,dd99e957,Song Su,2026-04-18,15:55:42,-07:00,2026-04-18T15:55:42-07:00,2,50
global.js,107,js,dd99e957,Song Su,2026-04-18,15:55:42,-07:00,2026-04-18T15:55:42-07:00,1,0
global.js,108,js,dd99e957,Song Su,2026-04-18,15:55:42,-07:00,2026-04-18T15:55:42-07:00,0,0
global.js,109,js,dd99e957,Song Su,2026-04-18,15:55:42,-07:00,2026-04-18T15:55:42-07:00,1,47
global.js,110,js,dd99e957,Song Su,2026-04-18,15:55:42,-07:00,2026-04-18T15:55:42-07:00,1,18
global.js,111,js,cc038949,Song Su,2026-04-24,13:46:11,-07:00,2026-04-24T13:46:11-07:00,0,1
global.js,112,js,cc038949,Song Su,2026-04-24,13:46:11,-07:00,2026-04-24T13:46:11-07:00,0,0
global.js,113,js,cc038949,Song Su,2026-04-24,13:46:11,-07:00,2026-04-24T13:46:11-07:00,0,0
global.js,114,js,cc038949,Song Su,2026-04-24,13:46:11,-07:00,2026-04-24T13:46:11-07:00,0,36
global.js,115,js,cc038949,Song Su,2026-04-24,13:46:11,-07:00,2026-04-24T13:46:11-07:00,1,3
global.js,116,js,cc038949,Song Su,2026-04-24,13:46:11,-07:00,2026-04-24T13:46:11-07:00,2,39
global.js,117,js,cc038949,Song Su,2026-04-24,13:46:11,-07:00,2026-04-24T13:46:11-07:00,2,32
global.js,118,js,cc038949,Song Su,2026-04-24,13:46:11,-07:00,2026-04-24T13:46:11-07:00,2,17
global.js,119,js,cc038949,Song Su,2026-04-24,13:46:11,-07:00,2026-04-24T13:46:11-07:00,3,66
global.js,120,js,cc038949,Song Su,2026-04-24,13:46:11,-07:00,2026-04-24T13:46:11-07:00,2,0
global.js,121,js,8e593add,Song Su,2026-04-24,19:42:05,-07:00,2026-04-24T19:42:05-07:00,2,20
global.js,122,js,cc038949,Song Su,2026-04-24,13:46:11,-07:00,2026-04-24T13:46:11-07:00,2,33
global.js,123,js,cc038949,Song Su,2026-04-24,13:46:11,-07:00,2026-04-24T13:46:11-07:00,2,10
global.js,124,js,cc038949,Song Su,2026-04-24,13:46:11,-07:00,2026-04-24T13:46:11-07:00,1,15
global.js,125,js,cc038949,Song Su,2026-04-24,13:46:11,-07:00,2026-04-24T13:46:11-07:00,2,59
global.js,126,js,cc038949,Song Su,2026-04-24,13:46:11,-07:00,2026-04-24T13:46:11-07:00,1,0
global.js,127,js,cc038949,Song Su,2026-04-24,13:46:11,-07:00,2026-04-24T13:46:11-07:00,0,0
global.js,128,js,cc038949,Song Su,2026-04-24,13:46:11,-07:00,2026-04-24T13:46:11-07:00,0,0
global.js,129,js,cc038949,Song Su,2026-04-24,13:46:11,-07:00,2026-04-24T13:46:11-07:00,0,78
global.js,130,js,cc038949,Song Su,2026-04-24,13:46:11,-07:00,2026-04-24T13:46:11-07:00,1,23
global.js,131,js,cc038949,Song Su,2026-04-24,13:46:11,-07:00,2026-04-24T13:46:11-07:00,1,22
global.js,132,js,cc038949,Song Su,2026-04-24,13:46:11,-07:00,2026-04-24T13:46:11-07:00,2,47
global.js,133,js,cc038949,Song Su,2026-04-24,13:46:11,-07:00,2026-04-24T13:46:11-07:00,1,0
global.js,134,js,cc038949,Song Su,2026-04-24,13:46:11,-07:00,2026-04-24T13:46:11-07:00,1,30
global.js,135,js,cc038949,Song Su,2026-04-24,13:46:11,-07:00,2026-04-24T13:46:11-07:00,1,65
global.js,136,js,cc038949,Song Su,2026-04-24,13:46:11,-07:00,2026-04-24T13:46:11-07:00,2,17
global.js,137,js,cc038949,Song Su,2026-04-24,13:46:11,-07:00,2026-04-24T13:46:11-07:00,1,0
global.js,138,js,cc038949,Song Su,2026-04-24,13:46:11,-07:00,2026-04-24T13:46:11-07:00,1,25
global.js,139,js,cc038949,Song Su,2026-04-24,13:46:11,-07:00,2026-04-24T13:46:11-07:00,2,48
global.js,140,js,adfaf76c,Song Su,2026-05-15,22:21:55,-07:00,2026-05-15T22:21:55-07:00,0,0
global.js,141,js,adfaf76c,Song Su,2026-05-15,22:21:55,-07:00,2026-05-15T22:21:55-07:00,2,26
global.js,142,js,089a2b73,Song Su,2026-05-15,23:08:01,-07:00,2026-05-15T23:08:01-07:00,3,66
global.js,143,js,adfaf76c,Song Su,2026-05-15,22:21:55,-07:00,2026-05-15T22:21:55-07:00,3,3
global.js,144,js,adfaf76c,Song Su,2026-05-15,22:21:55,-07:00,2026-05-15T22:21:55-07:00,0,0
global.js,145,js,cc038949,Song Su,2026-04-24,13:46:11,-07:00,2026-04-24T13:46:11-07:00,2,19
global.js,146,js,adfaf76c,Song Su,2026-05-15,22:21:55,-07:00,2026-05-15T22:21:55-07:00,3,46
global.js,147,js,adfaf76c,Song Su,2026-05-15,22:21:55,-07:00,2026-05-15T22:21:55-07:00,3,43
global.js,148,js,adfaf76c,Song Su,2026-05-15,22:21:55,-07:00,2026-05-15T22:21:55-07:00,3,3
global.js,149,js,adfaf76c,Song Su,2026-05-15,22:21:55,-07:00,2026-05-15T22:21:55-07:00,4,24
global.js,150,js,adfaf76c,Song Su,2026-05-15,22:21:55,-07:00,2026-05-15T22:21:55-07:00,4,40
global.js,151,js,adfaf76c,Song Su,2026-05-15,22:21:55,-07:00,2026-05-15T22:21:55-07:00,4,12
global.js,152,js,adfaf76c,Song Su,2026-05-15,22:21:55,-07:00,2026-05-15T22:21:55-07:00,3,4
global.js,153,js,c0723485,Song Su,2026-05-01,13:11:53,-07:00,2026-05-01T13:11:53-07:00,2,0
global.js,154,js,adfaf76c,Song Su,2026-05-15,22:21:55,-07:00,2026-05-15T22:21:55-07:00,0,0
global.js,155,js,cc038949,Song Su,2026-04-24,13:46:11,-07:00,2026-04-24T13:46:11-07:00,2,36
global.js,156,js,cc038949,Song Su,2026-04-24,13:46:11,-07:00,2026-04-24T13:46:11-07:00,1,0
global.js,157,js,cc038949,Song Su,2026-04-24,13:46:11,-07:00,2026-04-24T13:46:11-07:00,0,0
global.js,158,js,cc038949,Song Su,2026-04-24,13:46:11,-07:00,2026-04-24T13:46:11-07:00,0,0
global.js,159,js,cc038949,Song Su,2026-04-24,13:46:11,-07:00,2026-04-24T13:46:11-07:00,0,47
global.js,160,js,cc038949,Song Su,2026-04-24,13:46:11,-07:00,2026-04-24T13:46:11-07:00,1,22
global.js,161,js,cc038949,Song Su,2026-04-24,13:46:11,-07:00,2026-04-24T13:46:11-07:00,1,59
global.js,162,js,cc038949,Song Su,2026-04-24,13:46:11,-07:00,2026-04-24T13:46:11-07:00,0,0
resume\index.html,1,html,2cbc9d96,Song Su,2026-03-31,13:03:34,-07:00,2026-03-31T13:03:34-07:00,0,13
resume\index.html,2,html,2cbc9d96,Song Su,2026-03-31,13:03:34,-07:00,2026-03-31T13:03:34-07:00,0,14
resume\index.html,3,html,2cbc9d96,Song Su,2026-03-31,13:03:34,-07:00,2026-03-31T13:03:34-07:00,0,4
resume\index.html,4,html,2cbc9d96,Song Su,2026-03-31,13:03:34,-07:00,2026-03-31T13:03:34-07:00,2,20
resume\index.html,5,html,2cbc9d96,Song Su,2026-03-31,13:03:34,-07:00,2026-03-31T13:03:34-07:00,2,68
resume\index.html,6,html,b68c5a47,Song Su,2026-03-31,13:22:44,-07:00,2026-03-31T13:22:44-07:00,2,19
resume\index.html,7,html,0de407ef,Song Su,2026-04-01,13:53:06,-07:00,2026-04-01T13:53:06-07:00,2,41
resume\index.html,8,html,dd99e957,Song Su,2026-04-18,15:55:42,-07:00,2026-04-18T15:55:42-07:00,2,48
resume\index.html,9,html,2cbc9d96,Song Su,2026-03-31,13:03:34,-07:00,2026-03-31T13:03:34-07:00,0,5
resume\index.html,10,html,7f29dd2e,Song Su,2026-04-09,12:19:46,-07:00,2026-04-09T12:19:46-07:00,0,19
resume\index.html,11,html,ebabdb4c,Song Su,2026-04-17,16:14:39,-07:00,2026-04-17T16:14:39-07:00,0,0
resume\index.html,12,html,b68c5a47,Song Su,2026-03-31,13:22:44,-07:00,2026-03-31T13:22:44-07:00,2,13
resume\index.html,13,html,2cbc9d96,Song Su,2026-03-31,13:03:34,-07:00,2026-03-31T13:03:34-07:00,2,22
resume\index.html,14,html,7d3f6a6d,Song Su,2026-04-03,14:46:40,-07:00,2026-04-03T14:46:40-07:00,4,16
resume\index.html,15,html,fd78ec52,Song Su,2026-04-03,15:07:31,-07:00,2026-04-03T15:07:31-07:00,4,42
resume\index.html,16,html,7f29dd2e,Song Su,2026-04-09,12:19:46,-07:00,2026-04-09T12:19:46-07:00,4,6
resume\index.html,17,html,fd78ec52,Song Su,2026-04-03,15:07:31,-07:00,2026-04-03T15:07:31-07:00,6,60
resume\index.html,18,html,7d3f6a6d,Song Su,2026-04-03,14:46:40,-07:00,2026-04-03T14:46:40-07:00,6,49
resume\index.html,19,html,7f29dd2e,Song Su,2026-04-09,12:19:46,-07:00,2026-04-09T12:19:46-07:00,4,7
resume\index.html,20,html,2cbc9d96,Song Su,2026-03-31,13:03:34,-07:00,2026-03-31T13:03:34-07:00,2,8
resume\index.html,21,html,08ec3327,Song Su,2026-04-02,14:24:58,-07:00,2026-04-02T14:24:58-07:00,2,32
resume\index.html,22,html,7d3f6a6d,Song Su,2026-04-03,14:46:40,-07:00,2026-04-03T14:46:40-07:00,4,26
resume\index.html,23,html,0de407ef,Song Su,2026-04-01,13:53:06,-07:00,2026-04-01T13:53:06-07:00,4,2
resume\index.html,24,html,e1261876,Song Su,2026-04-01,13:10:21,-07:00,2026-04-01T13:10:21-07:00,6,94
resume\index.html,25,html,08ec3327,Song Su,2026-04-02,14:24:58,-07:00,2026-04-02T14:24:58-07:00,6,86
resume\index.html,26,html,e1261876,Song Su,2026-04-01,13:10:21,-07:00,2026-04-01T13:10:21-07:00,6,80
resume\index.html,27,html,e1261876,Song Su,2026-04-01,13:10:21,-07:00,2026-04-01T13:10:21-07:00,4,3
resume\index.html,28,html,2cbc9d96,Song Su,2026-03-31,13:03:34,-07:00,2026-03-31T13:03:34-07:00,2,8
resume\index.html,29,html,08ec3327,Song Su,2026-04-02,14:24:58,-07:00,2026-04-02T14:24:58-07:00,2,29
resume\index.html,30,html,7d3f6a6d,Song Su,2026-04-03,14:46:40,-07:00,2026-04-03T14:46:40-07:00,4,29
resume\index.html,31,html,2cbc9d96,Song Su,2026-03-31,13:03:34,-07:00,2026-03-31T13:03:34-07:00,4,2
resume\index.html,32,html,08ec3327,Song Su,2026-04-02,14:24:58,-07:00,2026-04-02T14:24:58-07:00,6,99
resume\index.html,33,html,08ec3327,Song Su,2026-04-02,14:24:58,-07:00,2026-04-02T14:24:58-07:00,6,101
resume\index.html,34,html,08ec3327,Song Su,2026-04-02,14:24:58,-07:00,2026-04-02T14:24:58-07:00,6,121
resume\index.html,35,html,08ec3327,Song Su,2026-04-02,14:24:58,-07:00,2026-04-02T14:24:58-07:00,6,80
resume\index.html,36,html,2cbc9d96,Song Su,2026-03-31,13:03:34,-07:00,2026-03-31T13:03:34-07:00,4,3
resume\index.html,37,html,2cbc9d96,Song Su,2026-03-31,13:03:34,-07:00,2026-03-31T13:03:34-07:00,2,8
resume\index.html,38,html,2cbc9d96,Song Su,2026-03-31,13:03:34,-07:00,2026-03-31T13:03:34-07:00,2,23
resume\index.html,39,html,7d3f6a6d,Song Su,2026-04-03,14:46:40,-07:00,2026-04-03T14:46:40-07:00,4,17
resume\index.html,40,html,dfe7382c,Song Su,2026-04-10,00:49:22,-07:00,2026-04-10T00:49:22-07:00,4,3
resume\index.html,41,html,dfe7382c,Song Su,2026-04-10,00:49:22,-07:00,2026-04-10T00:49:22-07:00,6,34
resume\index.html,42,html,fd78ec52,Song Su,2026-04-03,15:07:31,-07:00,2026-04-03T15:07:31-07:00,6,7
resume\index.html,43,html,7f29dd2e,Song Su,2026-04-09,12:19:46,-07:00,2026-04-09T12:19:46-07:00,8,6
resume\index.html,44,html,fd78ec52,Song Su,2026-04-03,15:07:31,-07:00,2026-04-03T15:07:31-07:00,10,19
resume\index.html,45,html,dfe7382c,Song Su,2026-04-10,00:49:22,-07:00,2026-04-10T00:49:22-07:00,10,0
resume\index.html,46,html,dfe7382c,Song Su,2026-04-10,00:49:22,-07:00,2026-04-10T00:49:22-07:00,10,48
resume\index.html,47,html,dfe7382c,Song Su,2026-04-10,00:49:22,-07:00,2026-04-10T00:49:22-07:00,10,0
resume\index.html,48,html,7f29dd2e,Song Su,2026-04-09,12:19:46,-07:00,2026-04-09T12:19:46-07:00,8,7
resume\index.html,49,html,fd78ec52,Song Su,2026-04-03,15:07:31,-07:00,2026-04-03T15:07:31-07:00,8,2
resume\index.html,50,html,fd78ec52,Song Su,2026-04-03,15:07:31,-07:00,2026-04-03T15:07:31-07:00,10,111
resume\index.html,51,html,fd78ec52,Song Su,2026-04-03,15:07:31,-07:00,2026-04-03T15:07:31-07:00,10,101
resume\index.html,52,html,fd78ec52,Song Su,2026-04-03,15:07:31,-07:00,2026-04-03T15:07:31-07:00,10,91
resume\index.html,53,html,fd78ec52,Song Su,2026-04-03,15:07:31,-07:00,2026-04-03T15:07:31-07:00,10,82
resume\index.html,54,html,fd78ec52,Song Su,2026-04-03,15:07:31,-07:00,2026-04-03T15:07:31-07:00,10,109
resume\index.html,55,html,fd78ec52,Song Su,2026-04-03,15:07:31,-07:00,2026-04-03T15:07:31-07:00,8,3
resume\index.html,56,html,fd78ec52,Song Su,2026-04-03,15:07:31,-07:00,2026-04-03T15:07:31-07:00,6,8
resume\index.html,57,html,fd78ec52,Song Su,2026-04-03,15:07:31,-07:00,2026-04-03T15:07:31-07:00,6,7
resume\index.html,58,html,7f29dd2e,Song Su,2026-04-09,12:19:46,-07:00,2026-04-09T12:19:46-07:00,8,6
resume\index.html,59,html,fd78ec52,Song Su,2026-04-03,15:07:31,-07:00,2026-04-03T15:07:31-07:00,10,21
resume\index.html,60,html,a1022642,Song Su,2026-04-10,04:37:51,-07:00,2026-04-10T04:37:51-07:00,10,49
resume\index.html,61,html,7f29dd2e,Song Su,2026-04-09,12:19:46,-07:00,2026-04-09T12:19:46-07:00,8,7
resume\index.html,62,html,fd78ec52,Song Su,2026-04-03,15:07:31,-07:00,2026-04-03T15:07:31-07:00,8,2
resume\index.html,63,html,fd78ec52,Song Su,2026-04-03,15:07:31,-07:00,2026-04-03T15:07:31-07:00,10,178
resume\index.html,64,html,fd78ec52,Song Su,2026-04-03,15:07:31,-07:00,2026-04-03T15:07:31-07:00,10,117
resume\index.html,65,html,fd78ec52,Song Su,2026-04-03,15:07:31,-07:00,2026-04-03T15:07:31-07:00,10,102
resume\index.html,66,html,fd78ec52,Song Su,2026-04-03,15:07:31,-07:00,2026-04-03T15:07:31-07:00,10,123
resume\index.html,67,html,fd78ec52,Song Su,2026-04-03,15:07:31,-07:00,2026-04-03T15:07:31-07:00,10,109
resume\index.html,68,html,fd78ec52,Song Su,2026-04-03,15:07:31,-07:00,2026-04-03T15:07:31-07:00,10,112
resume\index.html,69,html,fd78ec52,Song Su,2026-04-03,15:07:31,-07:00,2026-04-03T15:07:31-07:00,8,3
resume\index.html,70,html,fd78ec52,Song Su,2026-04-03,15:07:31,-07:00,2026-04-03T15:07:31-07:00,6,8
resume\index.html,71,html,dfe7382c,Song Su,2026-04-10,00:49:22,-07:00,2026-04-10T00:49:22-07:00,4,4
resume\index.html,72,html,2cbc9d96,Song Su,2026-03-31,13:03:34,-07:00,2026-03-31T13:03:34-07:00,2,8
resume\index.html,73,html,2cbc9d96,Song Su,2026-03-31,13:03:34,-07:00,2026-03-31T13:03:34-07:00,0,5
resume\index.html,74,html,2cbc9d96,Song Su,2026-03-31,13:03:34,-07:00,2026-03-31T13:03:34-07:00,0,5
projects\projects.js,1,js,cc038949,Song Su,2026-04-24,13:46:11,-07:00,2026-04-24T13:46:11-07:00,0,55
projects\projects.js,2,js,af70fff3,Song Su,2026-04-30,23:24:16,-07:00,2026-04-30T23:24:16-07:00,0,63
projects\projects.js,3,js,cc038949,Song Su,2026-04-24,13:46:11,-07:00,2026-04-24T13:46:11-07:00,0,0
projects\projects.js,4,js,cc038949,Song Su,2026-04-24,13:46:11,-07:00,2026-04-24T13:46:11-07:00,0,55
projects\projects.js,5,js,cc038949,Song Su,2026-04-24,13:46:11,-07:00,2026-04-24T13:46:11-07:00,0,0
projects\projects.js,6,js,cc038949,Song Su,2026-04-24,13:46:11,-07:00,2026-04-24T13:46:11-07:00,0,60
projects\projects.js,7,js,cc038949,Song Su,2026-04-24,13:46:11,-07:00,2026-04-24T13:46:11-07:00,0,0
projects\projects.js,8,js,cc038949,Song Su,2026-04-24,13:46:11,-07:00,2026-04-24T13:46:11-07:00,0,48
projects\projects.js,9,js,cc038949,Song Su,2026-04-24,13:46:11,-07:00,2026-04-24T13:46:11-07:00,0,0
projects\projects.js,10,js,cc038949,Song Su,2026-04-24,13:46:11,-07:00,2026-04-24T13:46:11-07:00,0,65
projects\projects.js,11,js,cc038949,Song Su,2026-04-24,13:46:11,-07:00,2026-04-24T13:46:11-07:00,0,59
projects\projects.js,12,js,cc038949,Song Su,2026-04-24,13:46:11,-07:00,2026-04-24T13:46:11-07:00,0,42
projects\projects.js,13,js,af70fff3,Song Su,2026-04-30,23:24:16,-07:00,2026-04-30T23:24:16-07:00,0,0
projects\projects.js,14,js,af70fff3,Song Su,2026-04-30,23:24:16,-07:00,2026-04-30T23:24:16-07:00,0,57
projects\projects.js,15,js,af70fff3,Song Su,2026-04-30,23:24:16,-07:00,2026-04-30T23:24:16-07:00,0,0
projects\projects.js,16,js,c0723485,Song Su,2026-05-01,13:11:53,-07:00,2026-05-01T13:11:53-07:00,0,26
projects\projects.js,17,js,c0723485,Song Su,2026-05-01,13:11:53,-07:00,2026-05-01T13:11:53-07:00,1,7
projects\projects.js,18,js,c0723485,Song Su,2026-05-01,13:11:53,-07:00,2026-05-01T13:11:53-07:00,1,14
projects\projects.js,19,js,c0723485,Song Su,2026-05-01,13:11:53,-07:00,2026-05-01T13:11:53-07:00,1,12
projects\projects.js,20,js,c0723485,Song Su,2026-05-01,13:11:53,-07:00,2026-05-01T13:11:53-07:00,0,0
projects\projects.js,21,js,af70fff3,Song Su,2026-04-30,23:24:16,-07:00,2026-04-30T23:24:16-07:00,0,0
projects\projects.js,22,js,c0723485,Song Su,2026-05-01,13:11:53,-07:00,2026-05-01T13:11:53-07:00,0,50
projects\projects.js,23,js,af70fff3,Song Su,2026-04-30,23:24:16,-07:00,2026-04-30T23:24:16-07:00,0,0
projects\projects.js,24,js,c0723485,Song Su,2026-05-01,13:11:53,-07:00,2026-05-01T13:11:53-07:00,0,44
projects\projects.js,25,js,c0723485,Song Su,2026-05-01,13:11:53,-07:00,2026-05-01T13:11:53-07:00,1,35
projects\projects.js,26,js,c0723485,Song Su,2026-05-01,13:11:53,-07:00,2026-05-01T13:11:53-07:00,0,1
projects\projects.js,27,js,af70fff3,Song Su,2026-04-30,23:24:16,-07:00,2026-04-30T23:24:16-07:00,0,0
projects\projects.js,28,js,c0723485,Song Su,2026-05-01,13:11:53,-07:00,2026-05-01T13:11:53-07:00,0,33
projects\projects.js,29,js,af70fff3,Song Su,2026-04-30,23:24:16,-07:00,2026-04-30T23:24:16-07:00,0,0
projects\projects.js,30,js,c0723485,Song Su,2026-05-01,13:11:53,-07:00,2026-05-01T13:11:53-07:00,0,47
projects\projects.js,31,js,af70fff3,Song Su,2026-04-30,23:24:16,-07:00,2026-04-30T23:24:16-07:00,0,13
projects\projects.js,32,js,c0723485,Song Su,2026-05-01,13:11:53,-07:00,2026-05-01T13:11:53-07:00,0,22
projects\projects.js,33,js,c0723485,Song Su,2026-05-01,13:11:53,-07:00,2026-05-01T13:11:53-07:00,0,0
projects\projects.js,34,js,c0723485,Song Su,2026-05-01,13:11:53,-07:00,2026-05-01T13:11:53-07:00,0,20
projects\projects.js,35,js,c0723485,Song Su,2026-05-01,13:11:53,-07:00,2026-05-01T13:11:53-07:00,1,54
projects\projects.js,36,js,c0723485,Song Su,2026-05-01,13:11:53,-07:00,2026-05-01T13:11:53-07:00,1,35
projects\projects.js,37,js,c0723485,Song Su,2026-05-01,13:11:53,-07:00,2026-05-01T13:11:53-07:00,1,36
projects\projects.js,38,js,c0723485,Song Su,2026-05-01,13:11:53,-07:00,2026-05-01T13:11:53-07:00,1,17
projects\projects.js,39,js,c0723485,Song Su,2026-05-01,13:11:53,-07:00,2026-05-01T13:11:53-07:00,2,55
projects\projects.js,40,js,c0723485,Song Su,2026-05-01,13:11:53,-07:00,2026-05-01T13:11:53-07:00,3,59
projects\projects.js,41,js,c0723485,Song Su,2026-05-01,13:11:53,-07:00,2026-05-01T13:11:53-07:00,3,42
projects\projects.js,42,js,c0723485,Song Su,2026-05-01,13:11:53,-07:00,2026-05-01T13:11:53-07:00,2,1
projects\projects.js,43,js,c0723485,Song Su,2026-05-01,13:11:53,-07:00,2026-05-01T13:11:53-07:00,1,0
projects\projects.js,44,js,c0723485,Song Su,2026-05-01,13:11:53,-07:00,2026-05-01T13:11:53-07:00,0,0
projects\projects.js,45,js,c0723485,Song Su,2026-05-01,13:11:53,-07:00,2026-05-01T13:11:53-07:00,1,43
projects\projects.js,46,js,c0723485,Song Su,2026-05-01,13:11:53,-07:00,2026-05-01T13:11:53-07:00,0,0
projects\projects.js,47,js,c0723485,Song Su,2026-05-01,13:11:53,-07:00,2026-05-01T13:11:53-07:00,1,26
projects\projects.js,48,js,c0723485,Song Su,2026-05-01,13:11:53,-07:00,2026-05-01T13:11:53-07:00,2,53
projects\projects.js,49,js,c0723485,Song Su,2026-05-01,13:11:53,-07:00,2026-05-01T13:11:53-07:00,3,43
projects\projects.js,50,js,c0723485,Song Su,2026-05-01,13:11:53,-07:00,2026-05-01T13:11:53-07:00,2,0
projects\projects.js,51,js,c0723485,Song Su,2026-05-01,13:11:53,-07:00,2026-05-01T13:11:53-07:00,1,0
projects\projects.js,52,js,af70fff3,Song Su,2026-04-30,23:24:16,-07:00,2026-04-30T23:24:16-07:00,0,0
projects\projects.js,53,js,c0723485,Song Su,2026-05-01,13:11:53,-07:00,2026-05-01T13:11:53-07:00,1,56
projects\projects.js,54,js,af70fff3,Song Su,2026-04-30,23:24:16,-07:00,2026-04-30T23:24:16-07:00,0,0
projects\projects.js,55,js,f4c8edb1,Song Su,2026-05-01,15:17:17,-07:00,2026-05-01T15:17:17-07:00,1,59
projects\projects.js,56,js,f4c8edb1,Song Su,2026-05-01,15:17:17,-07:00,2026-05-01T15:17:17-07:00,2,42
projects\projects.js,57,js,f4c8edb1,Song Su,2026-05-01,15:17:17,-07:00,2026-05-01T15:17:17-07:00,2,44
projects\projects.js,58,js,f4c8edb1,Song Su,2026-05-01,15:17:17,-07:00,2026-05-01T15:17:17-07:00,2,44
projects\projects.js,59,js,f4c8edb1,Song Su,2026-05-01,15:17:17,-07:00,2026-05-01T15:17:17-07:00,1,6
projects\projects.js,60,js,f4c8edb1,Song Su,2026-05-01,15:17:17,-07:00,2026-05-01T15:17:17-07:00,2,31
projects\projects.js,61,js,f4c8edb1,Song Su,2026-05-01,15:17:17,-07:00,2026-05-01T15:17:17-07:00,1,0
projects\projects.js,62,js,f4c8edb1,Song Su,2026-05-01,15:17:17,-07:00,2026-05-01T15:17:17-07:00,1,19
projects\projects.js,63,js,c0723485,Song Su,2026-05-01,13:11:53,-07:00,2026-05-01T13:11:53-07:00,1,65
projects\projects.js,64,js,c0723485,Song Su,2026-05-01,13:11:53,-07:00,2026-05-01T13:11:53-07:00,1,43
projects\projects.js,65,js,c0723485,Song Su,2026-05-01,13:11:53,-07:00,2026-05-01T13:11:53-07:00,1,16
projects\projects.js,66,js,c0723485,Song Su,2026-05-01,13:11:53,-07:00,2026-05-01T13:11:53-07:00,2,42
projects\projects.js,67,js,c0723485,Song Su,2026-05-01,13:11:53,-07:00,2026-05-01T13:11:53-07:00,2,44
projects\projects.js,68,js,c0723485,Song Su,2026-05-01,13:11:53,-07:00,2026-05-01T13:11:53-07:00,1,6
projects\projects.js,69,js,c0723485,Song Su,2026-05-01,13:11:53,-07:00,2026-05-01T13:11:53-07:00,2,44
projects\projects.js,70,js,c0723485,Song Su,2026-05-01,13:11:53,-07:00,2026-05-01T13:11:53-07:00,1,0
projects\projects.js,71,js,c0723485,Song Su,2026-05-01,13:11:53,-07:00,2026-05-01T13:11:53-07:00,0,0
projects\projects.js,72,js,af70fff3,Song Su,2026-04-30,23:24:16,-07:00,2026-04-30T23:24:16-07:00,0,0
projects\projects.js,73,js,af70fff3,Song Su,2026-04-30,23:24:16,-07:00,2026-04-30T23:24:16-07:00,0,38
projects\projects.js,74,js,af70fff3,Song Su,2026-04-30,23:24:16,-07:00,2026-04-30T23:24:16-07:00,1,29
projects\projects.js,75,js,af70fff3,Song Su,2026-04-30,23:24:16,-07:00,2026-04-30T23:24:16-07:00,2,12
projects\projects.js,76,js,af70fff3,Song Su,2026-04-30,23:24:16,-07:00,2026-04-30T23:24:16-07:00,2,12
projects\projects.js,77,js,af70fff3,Song Su,2026-04-30,23:24:16,-07:00,2026-04-30T23:24:16-07:00,2,9
projects\projects.js,78,js,af70fff3,Song Su,2026-04-30,23:24:16,-07:00,2026-04-30T23:24:16-07:00,1,0
projects\projects.js,79,js,c0723485,Song Su,2026-05-01,13:11:53,-07:00,2026-05-01T13:11:53-07:00,0,0
projects\projects.js,80,js,af70fff3,Song Su,2026-04-30,23:24:16,-07:00,2026-04-30T23:24:16-07:00,1,50
projects\projects.js,81,js,af70fff3,Song Su,2026-04-30,23:24:16,-07:00,2026-04-30T23:24:16-07:00,2,35
projects\projects.js,82,js,af70fff3,Song Su,2026-04-30,23:24:16,-07:00,2026-04-30T23:24:16-07:00,1,1
projects\projects.js,83,js,c0723485,Song Su,2026-05-01,13:11:53,-07:00,2026-05-01T13:11:53-07:00,0,0
projects\projects.js,84,js,af70fff3,Song Su,2026-04-30,23:24:16,-07:00,2026-04-30T23:24:16-07:00,1,51
projects\projects.js,85,js,af70fff3,Song Su,2026-04-30,23:24:16,-07:00,2026-04-30T23:24:16-07:00,1,42
projects\projects.js,86,js,af70fff3,Song Su,2026-04-30,23:24:16,-07:00,2026-04-30T23:24:16-07:00,1,49
projects\projects.js,87,js,c0723485,Song Su,2026-05-01,13:11:53,-07:00,2026-05-01T13:11:53-07:00,0,33
projects\projects.js,88,js,af70fff3,Song Su,2026-04-30,23:24:16,-07:00,2026-04-30T23:24:16-07:00,1,42
projects\projects.js,89,js,af70fff3,Song Su,2026-04-30,23:24:16,-07:00,2026-04-30T23:24:16-07:00,1,44
projects\projects.js,90,js,af70fff3,Song Su,2026-04-30,23:24:16,-07:00,2026-04-30T23:24:16-07:00,0,0
projects\projects.js,91,js,c0723485,Song Su,2026-05-01,13:11:53,-07:00,2026-05-01T13:11:53-07:00,1,25
projects\projects.js,92,js,c0723485,Song Su,2026-05-01,13:11:53,-07:00,2026-05-01T13:11:53-07:00,1,32
projects\projects.js,93,js,c0723485,Song Su,2026-05-01,13:11:53,-07:00,2026-05-01T13:11:53-07:00,0,53
projects\projects.js,94,js,c0723485,Song Su,2026-05-01,13:11:53,-07:00,2026-05-01T13:11:53-07:00,1,27
projects\projects.js,95,js,c0723485,Song Su,2026-05-01,13:11:53,-07:00,2026-05-01T13:11:53-07:00,2,20
projects\projects.js,96,js,c0723485,Song Su,2026-05-01,13:11:53,-07:00,2026-05-01T13:11:53-07:00,0,73
projects\projects.js,97,js,c0723485,Song Su,2026-05-01,13:11:53,-07:00,2026-05-01T13:11:53-07:00,2,1
projects\projects.js,98,js,af70fff3,Song Su,2026-04-30,23:24:16,-07:00,2026-04-30T23:24:16-07:00,3,13
projects\projects.js,99,js,af70fff3,Song Su,2026-04-30,23:24:16,-07:00,2026-04-30T23:24:16-07:00,3,13
projects\projects.js,100,js,c0723485,Song Su,2026-05-01,13:11:53,-07:00,2026-05-01T13:11:53-07:00,3,22
projects\projects.js,101,js,c0723485,Song Su,2026-05-01,13:11:53,-07:00,2026-05-01T13:11:53-07:00,3,61
projects\projects.js,102,js,c0723485,Song Su,2026-05-01,13:11:53,-07:00,2026-05-01T13:11:53-07:00,3,18
projects\projects.js,103,js,c0723485,Song Su,2026-05-01,13:11:53,-07:00,2026-05-01T13:11:53-07:00,4,65
projects\projects.js,104,js,c0723485,Song Su,2026-05-01,13:11:53,-07:00,2026-05-01T13:11:53-07:00,4,10
projects\projects.js,105,js,c0723485,Song Su,2026-05-01,13:11:53,-07:00,2026-05-01T13:11:53-07:00,3,1
projects\projects.js,106,js,af70fff3,Song Su,2026-04-30,23:24:16,-07:00,2026-04-30T23:24:16-07:00,1,1
projects\projects.js,107,js,af70fff3,Song Su,2026-04-30,23:24:16,-07:00,2026-04-30T23:24:16-07:00,0,0
projects\projects.js,108,js,c0723485,Song Su,2026-05-01,13:11:53,-07:00,2026-05-01T13:11:53-07:00,1,25
projects\projects.js,109,js,af70fff3,Song Su,2026-04-30,23:24:16,-07:00,2026-04-30T23:24:16-07:00,2,4
projects\projects.js,110,js,af70fff3,Song Su,2026-04-30,23:24:16,-07:00,2026-04-30T23:24:16-07:00,3,11
projects\projects.js,111,js,c0723485,Song Su,2026-05-01,13:11:53,-07:00,2026-05-01T13:11:53-07:00,3,37
projects\projects.js,112,js,c0723485,Song Su,2026-05-01,13:11:53,-07:00,2026-05-01T13:11:53-07:00,3,79
projects\projects.js,113,js,af70fff3,Song Su,2026-04-30,23:24:16,-07:00,2026-04-30T23:24:16-07:00,3,69
projects\projects.js,114,js,af70fff3,Song Su,2026-04-30,23:24:16,-07:00,2026-04-30T23:24:16-07:00,1,1
projects\projects.js,115,js,af70fff3,Song Su,2026-04-30,23:24:16,-07:00,2026-04-30T23:24:16-07:00,0,0
projects\projects.js,116,js,af70fff3,Song Su,2026-04-30,23:24:16,-07:00,2026-04-30T23:24:16-07:00,0,0
projects\projects.js,117,js,f4c8edb1,Song Su,2026-05-01,15:17:17,-07:00,2026-05-01T15:17:17-07:00,0,0
projects\projects.js,118,js,af70fff3,Song Su,2026-04-30,23:24:16,-07:00,2026-04-30T23:24:16-07:00,0,23
projects\projects.js,119,js,af70fff3,Song Su,2026-04-30,23:24:16,-07:00,2026-04-30T23:24:16-07:00,0,0
projects\projects.js,120,js,af70fff3,Song Su,2026-04-30,23:24:16,-07:00,2026-04-30T23:24:16-07:00,0,53
projects\projects.js,121,js,af70fff3,Song Su,2026-04-30,23:24:16,-07:00,2026-04-30T23:24:16-07:00,0,0
projects\projects.js,122,js,c0723485,Song Su,2026-05-01,13:11:53,-07:00,2026-05-01T13:11:53-07:00,0,48
projects\projects.js,123,js,af70fff3,Song Su,2026-04-30,23:24:16,-07:00,2026-04-30T23:24:16-07:00,1,25
projects\projects.js,124,js,c0723485,Song Su,2026-05-01,13:11:53,-07:00,2026-05-01T13:11:53-07:00,1,10
projects\projects.js,125,js,af70fff3,Song Su,2026-04-30,23:24:16,-07:00,2026-04-30T23:24:16-07:00,0,1
projects\projects.js,126,js,af70fff3,Song Su,2026-04-30,23:24:16,-07:00,2026-04-30T23:24:16-07:00,0,0
projects\projects.js,127,js,af70fff3,Song Su,2026-04-30,23:24:16,-07:00,2026-04-30T23:24:16-07:00,0,0
projects\projects.js,128,js,c0723485,Song Su,2026-05-01,13:11:53,-07:00,2026-05-01T13:11:53-07:00,0,71
projects\projects.js,129,js,c0723485,Song Su,2026-05-01,13:11:53,-07:00,2026-05-01T13:11:53-07:00,0,0
projects\projects.js,130,js,c0723485,Song Su,2026-05-01,13:11:53,-07:00,2026-05-01T13:11:53-07:00,0,22
projects\projects.js,131,js,c0723485,Song Su,2026-05-01,13:11:53,-07:00,2026-05-01T13:11:53-07:00,0,0
projects\projects.js,132,js,c0723485,Song Su,2026-05-01,13:11:53,-07:00,2026-05-01T13:11:53-07:00,0,18
projects\projects.js,133,js,c0723485,Song Su,2026-05-01,13:11:53,-07:00,2026-05-01T13:11:53-07:00,0,0
projects\projects.js,134,js,c0723485,Song Su,2026-05-01,13:11:53,-07:00,2026-05-01T13:11:53-07:00,0,25
projects\projects.js,135,js,c0723485,Song Su,2026-05-01,13:11:53,-07:00,2026-05-01T13:11:53-07:00,0,17
projects\projects.js,136,js,c0723485,Song Su,2026-05-01,13:11:53,-07:00,2026-05-01T13:11:53-07:00,0,5
projects\projects.js,137,js,c0723485,Song Su,2026-05-01,13:11:53,-07:00,2026-05-01T13:11:53-07:00,0,0
projects\projects.js,138,js,c0723485,Song Su,2026-05-01,13:11:53,-07:00,2026-05-01T13:11:53-07:00,0,18
projects\projects.js,139,js,c0723485,Song Su,2026-05-01,13:11:53,-07:00,2026-05-01T13:11:53-07:00,0,21
projects\projects.js,140,js,c0723485,Song Su,2026-05-01,13:11:53,-07:00,2026-05-01T13:11:53-07:00,0,0
projects\projects.js,141,js,c0723485,Song Su,2026-05-01,13:11:53,-07:00,2026-05-01T13:11:53-07:00,0,25
projects\projects.js,142,js,c0723485,Song Su,2026-05-01,13:11:53,-07:00,2026-05-01T13:11:53-07:00,0,55
projects\projects.js,143,js,c0723485,Song Su,2026-05-01,13:11:53,-07:00,2026-05-01T13:11:53-07:00,0,52
projects\projects.js,144,js,c0723485,Song Su,2026-05-01,13:11:53,-07:00,2026-05-01T13:11:53-07:00,0,23
projects\projects.js,145,js,c0723485,Song Su,2026-05-01,13:11:53,-07:00,2026-05-01T13:11:53-07:00,0,5
projects\projects.js,146,js,c0723485,Song Su,2026-05-01,13:11:53,-07:00,2026-05-01T13:11:53-07:00,0,0
projects\projects.js,147,js,c0723485,Song Su,2026-05-01,13:11:53,-07:00,2026-05-01T13:11:53-07:00,0,22
projects\projects.js,148,js,c0723485,Song Su,2026-05-01,13:11:53,-07:00,2026-05-01T13:11:53-07:00,0,34
projects\projects.js,149,js,c0723485,Song Su,2026-05-01,13:11:53,-07:00,2026-05-01T13:11:53-07:00,0,0
projects\projects.js,150,js,c0723485,Song Su,2026-05-01,13:11:53,-07:00,2026-05-01T13:11:53-07:00,0,15
projects\projects.js,151,js,c0723485,Song Su,2026-05-01,13:11:53,-07:00,2026-05-01T13:11:53-07:00,0,0
projects\projects.js,152,js,c0723485,Song Su,2026-05-01,13:11:53,-07:00,2026-05-01T13:11:53-07:00,0,16
projects\projects.js,153,js,c0723485,Song Su,2026-05-01,13:11:53,-07:00,2026-05-01T13:11:53-07:00,0,36
projects\projects.js,154,js,c0723485,Song Su,2026-05-01,13:11:53,-07:00,2026-05-01T13:11:53-07:00,0,37
projects\projects.js,155,js,c0723485,Song Su,2026-05-01,13:11:53,-07:00,2026-05-01T13:11:53-07:00,0,36
projects\projects.js,156,js,c0723485,Song Su,2026-05-01,13:11:53,-07:00,2026-05-01T13:11:53-07:00,0,35
projects\projects.js,157,js,c0723485,Song Su,2026-05-01,13:11:53,-07:00,2026-05-01T13:11:53-07:00,0,35
projects\projects.js,158,js,c0723485,Song Su,2026-05-01,13:11:53,-07:00,2026-05-01T13:11:53-07:00,0,38
projects\projects.js,159,js,c0723485,Song Su,2026-05-01,13:11:53,-07:00,2026-05-01T13:11:53-07:00,0,6
projects\projects.js,160,js,c0723485,Song Su,2026-05-01,13:11:53,-07:00,2026-05-01T13:11:53-07:00,0,0
projects\projects.js,161,js,c0723485,Song Su,2026-05-01,13:11:53,-07:00,2026-05-01T13:11:53-07:00,0,0
projects\projects.js,162,js,c0723485,Song Su,2026-05-01,13:11:53,-07:00,2026-05-01T13:11:53-07:00,0,34
projects\projects.js,163,js,c0723485,Song Su,2026-05-01,13:11:53,-07:00,2026-05-01T13:11:53-07:00,0,39
projects\projects.js,164,js,c0723485,Song Su,2026-05-01,13:11:53,-07:00,2026-05-01T13:11:53-07:00,0,0
projects\projects.js,165,js,c0723485,Song Su,2026-05-01,13:11:53,-07:00,2026-05-01T13:11:53-07:00,0,32
projects\projects.js,166,js,c0723485,Song Su,2026-05-01,13:11:53,-07:00,2026-05-01T13:11:53-07:00,0,24
projects\projects.js,167,js,c0723485,Song Su,2026-05-01,13:11:53,-07:00,2026-05-01T13:11:53-07:00,0,25
projects\projects.js,168,js,c0723485,Song Su,2026-05-01,13:11:53,-07:00,2026-05-01T13:11:53-07:00,0,25
projects\projects.js,169,js,c0723485,Song Su,2026-05-01,13:11:53,-07:00,2026-05-01T13:11:53-07:00,0,108
projects\projects.js,170,js,c0723485,Song Su,2026-05-01,13:11:53,-07:00,2026-05-01T13:11:53-07:00,0,6
projects\projects.js,171,js,c0723485,Song Su,2026-05-01,13:11:53,-07:00,2026-05-01T13:11:53-07:00,0,0
projects\projects.js,172,js,c0723485,Song Su,2026-05-01,13:11:53,-07:00,2026-05-01T13:11:53-07:00,0,38
projects\projects.js,173,js,c0723485,Song Su,2026-05-01,13:11:53,-07:00,2026-05-01T13:11:53-07:00,0,30
projects\projects.js,174,js,c0723485,Song Su,2026-05-01,13:11:53,-07:00,2026-05-01T13:11:53-07:00,0,12
projects\projects.js,175,js,c0723485,Song Su,2026-05-01,13:11:53,-07:00,2026-05-01T13:11:53-07:00,0,21
projects\projects.js,176,js,c0723485,Song Su,2026-05-01,13:11:53,-07:00,2026-05-01T13:11:53-07:00,0,103
projects\projects.js,177,js,c0723485,Song Su,2026-05-01,13:11:53,-07:00,2026-05-01T13:11:53-07:00,0,109
projects\projects.js,178,js,c0723485,Song Su,2026-05-01,13:11:53,-07:00,2026-05-01T13:11:53-07:00,0,7
projects\projects.js,179,js,c0723485,Song Su,2026-05-01,13:11:53,-07:00,2026-05-01T13:11:53-07:00,0,24
projects\projects.js,180,js,c0723485,Song Su,2026-05-01,13:11:53,-07:00,2026-05-01T13:11:53-07:00,0,22
projects\projects.js,181,js,c0723485,Song Su,2026-05-01,13:11:53,-07:00,2026-05-01T13:11:53-07:00,0,28
projects\projects.js,182,js,c0723485,Song Su,2026-05-01,13:11:53,-07:00,2026-05-01T13:11:53-07:00,0,0
projects\projects.js,183,js,c0723485,Song Su,2026-05-01,13:11:53,-07:00,2026-05-01T13:11:53-07:00,0,50
projects\projects.js,184,js,c0723485,Song Su,2026-05-01,13:11:53,-07:00,2026-05-01T13:11:53-07:00,0,0
projects\projects.js,185,js,c0723485,Song Su,2026-05-01,13:11:53,-07:00,2026-05-01T13:11:53-07:00,0,60
projects\projects.js,186,js,c0723485,Song Su,2026-05-01,13:11:53,-07:00,2026-05-01T13:11:53-07:00,0,0
projects\projects.js,187,js,c0723485,Song Su,2026-05-01,13:11:53,-07:00,2026-05-01T13:11:53-07:00,0,31
projects\projects.js,188,js,c0723485,Song Su,2026-05-01,13:11:53,-07:00,2026-05-01T13:11:53-07:00,0,14
projects\projects.js,189,js,c0723485,Song Su,2026-05-01,13:11:53,-07:00,2026-05-01T13:11:53-07:00,0,21
projects\projects.js,190,js,c0723485,Song Su,2026-05-01,13:11:53,-07:00,2026-05-01T13:11:53-07:00,0,19
projects\projects.js,191,js,c0723485,Song Su,2026-05-01,13:11:53,-07:00,2026-05-01T13:11:53-07:00,0,5
projects\projects.js,192,js,c0723485,Song Su,2026-05-01,13:11:53,-07:00,2026-05-01T13:11:53-07:00,0,55
projects\projects.js,193,js,c0723485,Song Su,2026-05-01,13:11:53,-07:00,2026-05-01T13:11:53-07:00,0,0
projects\projects.js,194,js,c0723485,Song Su,2026-05-01,13:11:53,-07:00,2026-05-01T13:11:53-07:00,0,49
projects\projects.js,195,js,c0723485,Song Su,2026-05-01,13:11:53,-07:00,2026-05-01T13:11:53-07:00,0,42
projects\projects.js,196,js,c0723485,Song Su,2026-05-01,13:11:53,-07:00,2026-05-01T13:11:53-07:00,0,6
projects\projects.js,197,js,c0723485,Song Su,2026-05-01,13:11:53,-07:00,2026-05-01T13:11:53-07:00,0,0
projects\projects.js,198,js,c0723485,Song Su,2026-05-01,13:11:53,-07:00,2026-05-01T13:11:53-07:00,0,38
projects\projects.js,199,js,c0723485,Song Su,2026-05-01,13:11:53,-07:00,2026-05-01T13:11:53-07:00,0,0
projects\projects.js,200,js,c0723485,Song Su,2026-05-01,13:11:53,-07:00,2026-05-01T13:11:53-07:00,0,50
projects\projects.js,201,js,c0723485,Song Su,2026-05-01,13:11:53,-07:00,2026-05-01T13:11:53-07:00,0,29
projects\projects.js,202,js,c0723485,Song Su,2026-05-01,13:11:53,-07:00,2026-05-01T13:11:53-07:00,0,64
projects\projects.js,203,js,c0723485,Song Su,2026-05-01,13:11:53,-07:00,2026-05-01T13:11:53-07:00,0,75
projects\projects.js,204,js,c0723485,Song Su,2026-05-01,13:11:53,-07:00,2026-05-01T13:11:53-07:00,0,9
projects\projects.js,205,js,c0723485,Song Su,2026-05-01,13:11:53,-07:00,2026-05-01T13:11:53-07:00,0,0
projects\projects.js,206,js,c0723485,Song Su,2026-05-01,13:11:53,-07:00,2026-05-01T13:11:53-07:00,0,37
projects\projects.js,207,js,c0723485,Song Su,2026-05-01,13:11:53,-07:00,2026-05-01T13:11:53-07:00,0,34
projects\projects.js,208,js,c0723485,Song Su,2026-05-01,13:11:53,-07:00,2026-05-01T13:11:53-07:00,0,31
projects\projects.js,209,js,c0723485,Song Su,2026-05-01,13:11:53,-07:00,2026-05-01T13:11:53-07:00,0,59
projects\projects.js,210,js,c0723485,Song Su,2026-05-01,13:11:53,-07:00,2026-05-01T13:11:53-07:00,0,47
projects\projects.js,211,js,c0723485,Song Su,2026-05-01,13:11:53,-07:00,2026-05-01T13:11:53-07:00,0,89
projects\projects.js,212,js,c0723485,Song Su,2026-05-01,13:11:53,-07:00,2026-05-01T13:11:53-07:00,0,8
projects\projects.js,213,js,c0723485,Song Su,2026-05-01,13:11:53,-07:00,2026-05-01T13:11:53-07:00,0,0
projects\projects.js,214,js,c0723485,Song Su,2026-05-01,13:11:53,-07:00,2026-05-01T13:11:53-07:00,0,0
projects\projects.js,215,js,c0723485,Song Su,2026-05-01,13:11:53,-07:00,2026-05-01T13:11:53-07:00,0,16
projects\projects.js,216,js,c0723485,Song Su,2026-05-01,13:11:53,-07:00,2026-05-01T13:11:53-07:00,0,0
projects\projects.js,217,js,c0723485,Song Su,2026-05-01,13:11:53,-07:00,2026-05-01T13:11:53-07:00,0,59
projects\projects.js,218,js,c0723485,Song Su,2026-05-01,13:11:53,-07:00,2026-05-01T13:11:53-07:00,0,0
projects\projects.js,219,js,c0723485,Song Su,2026-05-01,13:11:53,-07:00,2026-05-01T13:11:53-07:00,0,55
projects\projects.js,220,js,c0723485,Song Su,2026-05-01,13:11:53,-07:00,2026-05-01T13:11:53-07:00,0,27
projects\projects.js,221,js,c0723485,Song Su,2026-05-01,13:11:53,-07:00,2026-05-01T13:11:53-07:00,0,33
projects\projects.js,222,js,c0723485,Song Su,2026-05-01,13:11:53,-07:00,2026-05-01T13:11:53-07:00,0,24
projects\projects.js,223,js,c0723485,Song Su,2026-05-01,13:11:53,-07:00,2026-05-01T13:11:53-07:00,0,59
projects\projects.js,224,js,c0723485,Song Su,2026-05-01,13:11:53,-07:00,2026-05-01T13:11:53-07:00,0,69
projects\projects.js,225,js,c0723485,Song Su,2026-05-01,13:11:53,-07:00,2026-05-01T13:11:53-07:00,0,52
projects\projects.js,226,js,c0723485,Song Su,2026-05-01,13:11:53,-07:00,2026-05-01T13:11:53-07:00,0,9
projects\projects.js,227,js,c0723485,Song Su,2026-05-01,13:11:53,-07:00,2026-05-01T13:11:53-07:00,0,33
projects\projects.js,228,js,c0723485,Song Su,2026-05-01,13:11:53,-07:00,2026-05-01T13:11:53-07:00,0,64
projects\projects.js,229,js,c0723485,Song Su,2026-05-01,13:11:53,-07:00,2026-05-01T13:11:53-07:00,0,7
projects\projects.js,230,js,c0723485,Song Su,2026-05-01,13:11:53,-07:00,2026-05-01T13:11:53-07:00,0,0
projects\projects.js,231,js,c0723485,Song Su,2026-05-01,13:11:53,-07:00,2026-05-01T13:11:53-07:00,0,0
projects\projects.js,232,js,c0723485,Song Su,2026-05-01,13:11:53,-07:00,2026-05-01T13:11:53-07:00,0,43
projects\projects.js,233,js,c0723485,Song Su,2026-05-01,13:11:53,-07:00,2026-05-01T13:11:53-07:00,0,41
projects\projects.js,234,js,c0723485,Song Su,2026-05-01,13:11:53,-07:00,2026-05-01T13:11:53-07:00,0,30
projects\projects.js,235,js,c0723485,Song Su,2026-05-01,13:11:53,-07:00,2026-05-01T13:11:53-07:00,0,34
projects\projects.js,236,js,c0723485,Song Su,2026-05-01,13:11:53,-07:00,2026-05-01T13:11:53-07:00,0,19
projects\projects.js,237,js,c0723485,Song Su,2026-05-01,13:11:53,-07:00,2026-05-01T13:11:53-07:00,0,19
projects\projects.js,238,js,c0723485,Song Su,2026-05-01,13:11:53,-07:00,2026-05-01T13:11:53-07:00,0,16
projects\projects.js,239,js,c0723485,Song Su,2026-05-01,13:11:53,-07:00,2026-05-01T13:11:53-07:00,0,5
projects\projects.js,240,js,c0723485,Song Su,2026-05-01,13:11:53,-07:00,2026-05-01T13:11:53-07:00,0,23
projects\projects.js,241,js,c0723485,Song Su,2026-05-01,13:11:53,-07:00,2026-05-01T13:11:53-07:00,0,55
projects\projects.js,242,js,c0723485,Song Su,2026-05-01,13:11:53,-07:00,2026-05-01T13:11:53-07:00,0,42
projects\projects.js,243,js,c0723485,Song Su,2026-05-01,13:11:53,-07:00,2026-05-01T13:11:53-07:00,0,6
projects\projects.js,244,js,c0723485,Song Su,2026-05-01,13:11:53,-07:00,2026-05-01T13:11:53-07:00,0,0
projects\projects.js,245,js,c0723485,Song Su,2026-05-01,13:11:53,-07:00,2026-05-01T13:11:53-07:00,0,25
projects\projects.js,246,js,c0723485,Song Su,2026-05-01,13:11:53,-07:00,2026-05-01T13:11:53-07:00,0,0
projects\projects.js,247,js,c0723485,Song Su,2026-05-01,13:11:53,-07:00,2026-05-01T13:11:53-07:00,0,55
projects\projects.js,248,js,c0723485,Song Su,2026-05-01,13:11:53,-07:00,2026-05-01T13:11:53-07:00,0,56
projects\projects.js,249,js,c0723485,Song Su,2026-05-01,13:11:53,-07:00,2026-05-01T13:11:53-07:00,0,47
projects\projects.js,250,js,c0723485,Song Su,2026-05-01,13:11:53,-07:00,2026-05-01T13:11:53-07:00,0,54
projects\projects.js,251,js,c0723485,Song Su,2026-05-01,13:11:53,-07:00,2026-05-01T13:11:53-07:00,0,38
projects\projects.js,252,js,c0723485,Song Su,2026-05-01,13:11:53,-07:00,2026-05-01T13:11:53-07:00,0,47
projects\projects.js,253,js,c0723485,Song Su,2026-05-01,13:11:53,-07:00,2026-05-01T13:11:53-07:00,0,49
projects\projects.js,254,js,c0723485,Song Su,2026-05-01,13:11:53,-07:00,2026-05-01T13:11:53-07:00,0,0
projects\projects.js,255,js,c0723485,Song Su,2026-05-01,13:11:53,-07:00,2026-05-01T13:11:53-07:00,0,58
projects\projects.js,256,js,c0723485,Song Su,2026-05-01,13:11:53,-07:00,2026-05-01T13:11:53-07:00,0,32
projects\projects.js,257,js,c0723485,Song Su,2026-05-01,13:11:53,-07:00,2026-05-01T13:11:53-07:00,0,8
projects\projects.js,258,js,c0723485,Song Su,2026-05-01,13:11:53,-07:00,2026-05-01T13:11:53-07:00,0,22
projects\projects.js,259,js,c0723485,Song Su,2026-05-01,13:11:53,-07:00,2026-05-01T13:11:53-07:00,0,22
projects\projects.js,260,js,c0723485,Song Su,2026-05-01,13:11:53,-07:00,2026-05-01T13:11:53-07:00,0,31
projects\projects.js,261,js,c0723485,Song Su,2026-05-01,13:11:53,-07:00,2026-05-01T13:11:53-07:00,0,60
projects\projects.js,262,js,c0723485,Song Su,2026-05-01,13:11:53,-07:00,2026-05-01T13:11:53-07:00,0,27
projects\projects.js,263,js,c0723485,Song Su,2026-05-01,13:11:53,-07:00,2026-05-01T13:11:53-07:00,0,54
projects\projects.js,264,js,c0723485,Song Su,2026-05-01,13:11:53,-07:00,2026-05-01T13:11:53-07:00,0,21
projects\projects.js,265,js,c0723485,Song Su,2026-05-01,13:11:53,-07:00,2026-05-01T13:11:53-07:00,0,10
projects\projects.js,266,js,c0723485,Song Su,2026-05-01,13:11:53,-07:00,2026-05-01T13:11:53-07:00,0,6
projects\projects.js,267,js,c0723485,Song Su,2026-05-01,13:11:53,-07:00,2026-05-01T13:11:53-07:00,0,0
projects\projects.js,268,js,c0723485,Song Su,2026-05-01,13:11:53,-07:00,2026-05-01T13:11:53-07:00,0,37
projects\projects.js,269,js,c0723485,Song Su,2026-05-01,13:11:53,-07:00,2026-05-01T13:11:53-07:00,0,0
projects\projects.js,270,js,c0723485,Song Su,2026-05-01,13:11:53,-07:00,2026-05-01T13:11:53-07:00,0,30
projects\projects.js,271,js,c0723485,Song Su,2026-05-01,13:11:53,-07:00,2026-05-01T13:11:53-07:00,0,11
projects\projects.js,272,js,c0723485,Song Su,2026-05-01,13:11:53,-07:00,2026-05-01T13:11:53-07:00,0,20
projects\projects.js,273,js,c0723485,Song Su,2026-05-01,13:11:53,-07:00,2026-05-01T13:11:53-07:00,0,46
projects\projects.js,274,js,c0723485,Song Su,2026-05-01,13:11:53,-07:00,2026-05-01T13:11:53-07:00,0,83
projects\projects.js,275,js,c0723485,Song Su,2026-05-01,13:11:53,-07:00,2026-05-01T13:11:53-07:00,0,78
projects\projects.js,276,js,c0723485,Song Su,2026-05-01,13:11:53,-07:00,2026-05-01T13:11:53-07:00,0,7
projects\projects.js,277,js,c0723485,Song Su,2026-05-01,13:11:53,-07:00,2026-05-01T13:11:53-07:00,0,0
projects\projects.js,278,js,c0723485,Song Su,2026-05-01,13:11:53,-07:00,2026-05-01T13:11:53-07:00,0,35
projects\projects.js,279,js,c0723485,Song Su,2026-05-01,13:11:53,-07:00,2026-05-01T13:11:53-07:00,0,26
projects\projects.js,280,js,c0723485,Song Su,2026-05-01,13:11:53,-07:00,2026-05-01T13:11:53-07:00,0,0
projects\projects.js,281,js,c0723485,Song Su,2026-05-01,13:11:53,-07:00,2026-05-01T13:11:53-07:00,0,56
projects\projects.js,282,js,c0723485,Song Su,2026-05-01,13:11:53,-07:00,2026-05-01T13:11:53-07:00,0,0
projects\projects.js,283,js,c0723485,Song Su,2026-05-01,13:11:53,-07:00,2026-05-01T13:11:53-07:00,0,52
projects\projects.js,284,js,c0723485,Song Su,2026-05-01,13:11:53,-07:00,2026-05-01T13:11:53-07:00,0,24
projects\projects.js,285,js,c0723485,Song Su,2026-05-01,13:11:53,-07:00,2026-05-01T13:11:53-07:00,0,30
projects\projects.js,286,js,c0723485,Song Su,2026-05-01,13:11:53,-07:00,2026-05-01T13:11:53-07:00,0,21
projects\projects.js,287,js,c0723485,Song Su,2026-05-01,13:11:53,-07:00,2026-05-01T13:11:53-07:00,0,15
projects\projects.js,288,js,c0723485,Song Su,2026-05-01,13:11:53,-07:00,2026-05-01T13:11:53-07:00,0,59
projects\projects.js,289,js,c0723485,Song Su,2026-05-01,13:11:53,-07:00,2026-05-01T13:11:53-07:00,0,69
projects\projects.js,290,js,c0723485,Song Su,2026-05-01,13:11:53,-07:00,2026-05-01T13:11:53-07:00,0,52
projects\projects.js,291,js,c0723485,Song Su,2026-05-01,13:11:53,-07:00,2026-05-01T13:11:53-07:00,0,9
projects\projects.js,292,js,c0723485,Song Su,2026-05-01,13:11:53,-07:00,2026-05-01T13:11:53-07:00,0,30
projects\projects.js,293,js,c0723485,Song Su,2026-05-01,13:11:53,-07:00,2026-05-01T13:11:53-07:00,0,64
projects\projects.js,294,js,c0723485,Song Su,2026-05-01,13:11:53,-07:00,2026-05-01T13:11:53-07:00,0,39
projects\projects.js,295,js,c0723485,Song Su,2026-05-01,13:11:53,-07:00,2026-05-01T13:11:53-07:00,0,4
projects\projects.js,296,js,c0723485,Song Su,2026-05-01,13:11:53,-07:00,2026-05-01T13:11:53-07:00,0,0
projects\projects.js,297,js,c0723485,Song Su,2026-05-01,13:11:53,-07:00,2026-05-01T13:11:53-07:00,0,31
projects\projects.js,298,js,c0723485,Song Su,2026-05-01,13:11:53,-07:00,2026-05-01T13:11:53-07:00,0,35
projects\projects.js,299,js,c0723485,Song Su,2026-05-01,13:11:53,-07:00,2026-05-01T13:11:53-07:00,0,30
projects\projects.js,300,js,c0723485,Song Su,2026-05-01,13:11:53,-07:00,2026-05-01T13:11:53-07:00,0,9
projects\projects.js,301,js,c0723485,Song Su,2026-05-01,13:11:53,-07:00,2026-05-01T13:11:53-07:00,0,23
projects\projects.js,302,js,c0723485,Song Su,2026-05-01,13:11:53,-07:00,2026-05-01T13:11:53-07:00,0,23
projects\projects.js,303,js,c0723485,Song Su,2026-05-01,13:11:53,-07:00,2026-05-01T13:11:53-07:00,0,32
projects\projects.js,304,js,c0723485,Song Su,2026-05-01,13:11:53,-07:00,2026-05-01T13:11:53-07:00,0,28
projects\projects.js,305,js,c0723485,Song Su,2026-05-01,13:11:53,-07:00,2026-05-01T13:11:53-07:00,0,55
projects\projects.js,306,js,c0723485,Song Su,2026-05-01,13:11:53,-07:00,2026-05-01T13:11:53-07:00,0,0
projects\projects.js,307,js,c0723485,Song Su,2026-05-01,13:11:53,-07:00,2026-05-01T13:11:53-07:00,0,11
projects\projects.js,308,js,c0723485,Song Su,2026-05-01,13:11:53,-07:00,2026-05-01T13:11:53-07:00,0,28
projects\projects.js,309,js,c0723485,Song Su,2026-05-01,13:11:53,-07:00,2026-05-01T13:11:53-07:00,0,38
projects\projects.js,310,js,c0723485,Song Su,2026-05-01,13:11:53,-07:00,2026-05-01T13:11:53-07:00,0,82
projects\projects.js,311,js,c0723485,Song Su,2026-05-01,13:11:53,-07:00,2026-05-01T13:11:53-07:00,0,51
projects\projects.js,312,js,c0723485,Song Su,2026-05-01,13:11:53,-07:00,2026-05-01T13:11:53-07:00,0,13
projects\projects.js,313,js,c0723485,Song Su,2026-05-01,13:11:53,-07:00,2026-05-01T13:11:53-07:00,0,14
projects\projects.js,314,js,c0723485,Song Su,2026-05-01,13:11:53,-07:00,2026-05-01T13:11:53-07:00,0,24
projects\projects.js,315,js,c0723485,Song Su,2026-05-01,13:11:53,-07:00,2026-05-01T13:11:53-07:00,0,36
projects\projects.js,316,js,c0723485,Song Su,2026-05-01,13:11:53,-07:00,2026-05-01T13:11:53-07:00,0,77
projects\projects.js,317,js,c0723485,Song Su,2026-05-01,13:11:53,-07:00,2026-05-01T13:11:53-07:00,0,49
projects\projects.js,318,js,c0723485,Song Su,2026-05-01,13:11:53,-07:00,2026-05-01T13:11:53-07:00,0,11
projects\projects.js,319,js,c0723485,Song Su,2026-05-01,13:11:53,-07:00,2026-05-01T13:11:53-07:00,0,20
projects\projects.js,320,js,c0723485,Song Su,2026-05-01,13:11:53,-07:00,2026-05-01T13:11:53-07:00,0,38
projects\projects.js,321,js,c0723485,Song Su,2026-05-01,13:11:53,-07:00,2026-05-01T13:11:53-07:00,0,63
projects\projects.js,322,js,c0723485,Song Su,2026-05-01,13:11:53,-07:00,2026-05-01T13:11:53-07:00,0,12
projects\projects.js,323,js,c0723485,Song Su,2026-05-01,13:11:53,-07:00,2026-05-01T13:11:53-07:00,0,17
projects\projects.js,324,js,c0723485,Song Su,2026-05-01,13:11:53,-07:00,2026-05-01T13:11:53-07:00,0,58
projects\projects.js,325,js,c0723485,Song Su,2026-05-01,13:11:53,-07:00,2026-05-01T13:11:53-07:00,0,0
projects\projects.js,326,js,c0723485,Song Su,2026-05-01,13:11:53,-07:00,2026-05-01T13:11:53-07:00,0,64
projects\projects.js,327,js,c0723485,Song Su,2026-05-01,13:11:53,-07:00,2026-05-01T13:11:53-07:00,0,62
projects\projects.js,328,js,c0723485,Song Su,2026-05-01,13:11:53,-07:00,2026-05-01T13:11:53-07:00,0,0
projects\projects.js,329,js,c0723485,Song Su,2026-05-01,13:11:53,-07:00,2026-05-01T13:11:53-07:00,0,71
projects\projects.js,330,js,c0723485,Song Su,2026-05-01,13:11:53,-07:00,2026-05-01T13:11:53-07:00,0,12
projects\projects.js,331,js,c0723485,Song Su,2026-05-01,13:11:53,-07:00,2026-05-01T13:11:53-07:00,0,12
projects\projects.js,332,js,c0723485,Song Su,2026-05-01,13:11:53,-07:00,2026-05-01T13:11:53-07:00,0,9
projects\projects.js,333,js,c0723485,Song Su,2026-05-01,13:11:53,-07:00,2026-05-01T13:11:53-07:00,0,0
projects\projects.js,334,js,c0723485,Song Su,2026-05-01,13:11:53,-07:00,2026-05-01T13:11:53-07:00,0,22
projects\projects.js,335,js,c0723485,Song Su,2026-05-01,13:11:53,-07:00,2026-05-01T13:11:53-07:00,0,40
projects\projects.js,336,js,c0723485,Song Su,2026-05-01,13:11:53,-07:00,2026-05-01T13:11:53-07:00,0,0
projects\projects.js,337,js,c0723485,Song Su,2026-05-01,13:11:53,-07:00,2026-05-01T13:11:53-07:00,0,22
projects\projects.js,338,js,c0723485,Song Su,2026-05-01,13:11:53,-07:00,2026-05-01T13:11:53-07:00,0,62
projects\projects.js,339,js,c0723485,Song Su,2026-05-01,13:11:53,-07:00,2026-05-01T13:11:53-07:00,0,68
projects\projects.js,340,js,c0723485,Song Su,2026-05-01,13:11:53,-07:00,2026-05-01T13:11:53-07:00,0,51
projects\projects.js,341,js,c0723485,Song Su,2026-05-01,13:11:53,-07:00,2026-05-01T13:11:53-07:00,0,8
projects\projects.js,342,js,c0723485,Song Su,2026-05-01,13:11:53,-07:00,2026-05-01T13:11:53-07:00,0,4
projects\projects.js,343,js,c0723485,Song Su,2026-05-01,13:11:53,-07:00,2026-05-01T13:11:53-07:00,0,0
projects\projects.js,344,js,c0723485,Song Su,2026-05-01,13:11:53,-07:00,2026-05-01T13:11:53-07:00,0,30
projects\projects.js,345,js,c0723485,Song Su,2026-05-01,13:11:53,-07:00,2026-05-01T13:11:53-07:00,0,50
projects\projects.js,346,js,c0723485,Song Su,2026-05-01,13:11:53,-07:00,2026-05-01T13:11:53-07:00,0,0
projects\projects.js,347,js,c0723485,Song Su,2026-05-01,13:11:53,-07:00,2026-05-01T13:11:53-07:00,0,60
projects\projects.js,348,js,c0723485,Song Su,2026-05-01,13:11:53,-07:00,2026-05-01T13:11:53-07:00,0,52
projects\projects.js,349,js,c0723485,Song Su,2026-05-01,13:11:53,-07:00,2026-05-01T13:11:53-07:00,0,7
projects\projects.js,350,js,c0723485,Song Su,2026-05-01,13:11:53,-07:00,2026-05-01T13:11:53-07:00,0,4
projects\projects.js,351,js,c0723485,Song Su,2026-05-01,13:11:53,-07:00,2026-05-01T13:11:53-07:00,0,0
projects\projects.js,352,js,c0723485,Song Su,2026-05-01,13:11:53,-07:00,2026-05-01T13:11:53-07:00,0,61
projects\projects.js,353,js,c0723485,Song Su,2026-05-01,13:11:53,-07:00,2026-05-01T13:11:53-07:00,0,30
projects\projects.js,354,js,c0723485,Song Su,2026-05-01,13:11:53,-07:00,2026-05-01T13:11:53-07:00,0,37
projects\projects.js,355,js,c0723485,Song Su,2026-05-01,13:11:53,-07:00,2026-05-01T13:11:53-07:00,0,70
projects\projects.js,356,js,c0723485,Song Su,2026-05-01,13:11:53,-07:00,2026-05-01T13:11:53-07:00,0,64
projects\projects.js,357,js,c0723485,Song Su,2026-05-01,13:11:53,-07:00,2026-05-01T13:11:53-07:00,0,47
projects\projects.js,358,js,c0723485,Song Su,2026-05-01,13:11:53,-07:00,2026-05-01T13:11:53-07:00,0,2
projects\index.html,1,html,2e70e953,Song Su,2026-03-30,20:55:07,-07:00,2026-03-30T20:55:07-07:00,0,13
projects\index.html,2,html,2e70e953,Song Su,2026-03-30,20:55:07,-07:00,2026-03-30T20:55:07-07:00,0,14
projects\index.html,3,html,2e70e953,Song Su,2026-03-30,20:55:07,-07:00,2026-03-30T20:55:07-07:00,0,4
projects\index.html,4,html,2e70e953,Song Su,2026-03-30,20:55:07,-07:00,2026-03-30T20:55:07-07:00,2,20
projects\index.html,5,html,2e70e953,Song Su,2026-03-30,20:55:07,-07:00,2026-03-30T20:55:07-07:00,2,68
projects\index.html,6,html,2e70e953,Song Su,2026-03-30,20:55:07,-07:00,2026-03-30T20:55:07-07:00,2,21
projects\index.html,7,html,0de407ef,Song Su,2026-04-01,13:53:06,-07:00,2026-04-01T13:53:06-07:00,2,41
projects\index.html,8,html,dd99e957,Song Su,2026-04-18,15:55:42,-07:00,2026-04-18T15:55:42-07:00,2,48
projects\index.html,9,html,cc038949,Song Su,2026-04-24,13:46:11,-07:00,2026-04-24T13:46:11-07:00,2,49
projects\index.html,10,html,2e70e953,Song Su,2026-03-30,20:55:07,-07:00,2026-03-30T20:55:07-07:00,0,5
projects\index.html,11,html,2e70e953,Song Su,2026-03-30,20:55:07,-07:00,2026-03-30T20:55:07-07:00,0,4
projects\index.html,12,html,ebabdb4c,Song Su,2026-04-17,16:14:39,-07:00,2026-04-17T16:14:39-07:00,0,0
projects\index.html,13,html,cc038949,Song Su,2026-04-24,13:46:11,-07:00,2026-04-24T13:46:11-07:00,2,38
projects\index.html,14,html,af70fff3,Song Su,2026-04-30,23:24:16,-07:00,2026-04-30T23:24:16-07:00,2,53
projects\index.html,15,html,af70fff3,Song Su,2026-04-30,23:24:16,-07:00,2026-04-30T23:24:16-07:00,2,40
projects\index.html,16,html,af70fff3,Song Su,2026-04-30,23:24:16,-07:00,2026-04-30T23:24:16-07:00,2,8
projects\index.html,17,html,af70fff3,Song Su,2026-04-30,23:24:16,-07:00,2026-04-30T23:24:16-07:00,2,0
projects\index.html,18,html,af70fff3,Song Su,2026-04-30,23:24:16,-07:00,2026-04-30T23:24:16-07:00,2,21
projects\index.html,19,html,af70fff3,Song Su,2026-04-30,23:24:16,-07:00,2026-04-30T23:24:16-07:00,2,48
projects\index.html,20,html,af70fff3,Song Su,2026-04-30,23:24:16,-07:00,2026-04-30T23:24:16-07:00,2,77
projects\index.html,21,html,af70fff3,Song Su,2026-04-30,23:24:16,-07:00,2026-04-30T23:24:16-07:00,2,4
projects\index.html,22,html,af70fff3,Song Su,2026-04-30,23:24:16,-07:00,2026-04-30T23:24:16-07:00,2,22
projects\index.html,23,html,af70fff3,Song Su,2026-04-30,23:24:16,-07:00,2026-04-30T23:24:16-07:00,2,4
projects\index.html,24,html,af70fff3,Song Su,2026-04-30,23:24:16,-07:00,2026-04-30T23:24:16-07:00,2,4
projects\index.html,25,html,af70fff3,Song Su,2026-04-30,23:24:16,-07:00,2026-04-30T23:24:16-07:00,4,15
projects\index.html,26,html,af70fff3,Song Su,2026-04-30,23:24:16,-07:00,2026-04-30T23:24:16-07:00,4,11
projects\index.html,27,html,af70fff3,Song Su,2026-04-30,23:24:16,-07:00,2026-04-30T23:24:16-07:00,4,26
projects\index.html,28,html,af70fff3,Song Su,2026-04-30,23:24:16,-07:00,2026-04-30T23:24:16-07:00,4,31
projects\index.html,29,html,af70fff3,Song Su,2026-04-30,23:24:16,-07:00,2026-04-30T23:24:16-07:00,2,0
projects\index.html,30,html,af70fff3,Song Su,2026-04-30,23:24:16,-07:00,2026-04-30T23:24:16-07:00,0,0
projects\index.html,31,html,7f29dd2e,Song Su,2026-04-09,12:19:46,-07:00,2026-04-09T12:19:46-07:00,2,20
projects\index.html,32,html,cc038949,Song Su,2026-04-24,13:46:11,-07:00,2026-04-24T13:46:11-07:00,4,12
projects\index.html,33,html,7f29dd2e,Song Su,2026-04-09,12:19:46,-07:00,2026-04-09T12:19:46-07:00,6,29
projects\index.html,34,html,7f29dd2e,Song Su,2026-04-09,12:19:46,-07:00,2026-04-09T12:19:46-07:00,6,70
projects\index.html,35,html,7f29dd2e,Song Su,2026-04-09,12:19:46,-07:00,2026-04-09T12:19:46-07:00,6,237
projects\index.html,36,html,7f29dd2e,Song Su,2026-04-09,12:19:46,-07:00,2026-04-09T12:19:46-07:00,4,8
projects\index.html,37,html,7f29dd2e,Song Su,2026-04-09,12:19:46,-07:00,2026-04-09T12:19:46-07:00,4,7
projects\index.html,38,html,7f29dd2e,Song Su,2026-04-09,12:19:46,-07:00,2026-04-09T12:19:46-07:00,6,29
projects\index.html,39,html,7f29dd2e,Song Su,2026-04-09,12:19:46,-07:00,2026-04-09T12:19:46-07:00,6,70
projects\index.html,40,html,7f29dd2e,Song Su,2026-04-09,12:19:46,-07:00,2026-04-09T12:19:46-07:00,6,248
projects\index.html,41,html,7f29dd2e,Song Su,2026-04-09,12:19:46,-07:00,2026-04-09T12:19:46-07:00,4,8
projects\index.html,42,html,7f29dd2e,Song Su,2026-04-09,12:19:46,-07:00,2026-04-09T12:19:46-07:00,4,7
projects\index.html,43,html,7f29dd2e,Song Su,2026-04-09,12:19:46,-07:00,2026-04-09T12:19:46-07:00,6,35
projects\index.html,44,html,7f29dd2e,Song Su,2026-04-09,12:19:46,-07:00,2026-04-09T12:19:46-07:00,6,70
projects\index.html,45,html,7f29dd2e,Song Su,2026-04-09,12:19:46,-07:00,2026-04-09T12:19:46-07:00,6,220
projects\index.html,46,html,7f29dd2e,Song Su,2026-04-09,12:19:46,-07:00,2026-04-09T12:19:46-07:00,4,8
projects\index.html,47,html,7f29dd2e,Song Su,2026-04-09,12:19:46,-07:00,2026-04-09T12:19:46-07:00,4,7
projects\index.html,48,html,7f29dd2e,Song Su,2026-04-09,12:19:46,-07:00,2026-04-09T12:19:46-07:00,6,39
projects\index.html,49,html,7f29dd2e,Song Su,2026-04-09,12:19:46,-07:00,2026-04-09T12:19:46-07:00,6,70
projects\index.html,50,html,7f29dd2e,Song Su,2026-04-09,12:19:46,-07:00,2026-04-09T12:19:46-07:00,6,232
projects\index.html,51,html,7f29dd2e,Song Su,2026-04-09,12:19:46,-07:00,2026-04-09T12:19:46-07:00,4,8
projects\index.html,52,html,7f29dd2e,Song Su,2026-04-09,12:19:46,-07:00,2026-04-09T12:19:46-07:00,4,7
projects\index.html,53,html,7f29dd2e,Song Su,2026-04-09,12:19:46,-07:00,2026-04-09T12:19:46-07:00,6,39
projects\index.html,54,html,7f29dd2e,Song Su,2026-04-09,12:19:46,-07:00,2026-04-09T12:19:46-07:00,6,70
projects\index.html,55,html,7f29dd2e,Song Su,2026-04-09,12:19:46,-07:00,2026-04-09T12:19:46-07:00,6,209
projects\index.html,56,html,7f29dd2e,Song Su,2026-04-09,12:19:46,-07:00,2026-04-09T12:19:46-07:00,4,8
projects\index.html,57,html,7f29dd2e,Song Su,2026-04-09,12:19:46,-07:00,2026-04-09T12:19:46-07:00,4,7
projects\index.html,58,html,7f29dd2e,Song Su,2026-04-09,12:19:46,-07:00,2026-04-09T12:19:46-07:00,6,34
projects\index.html,59,html,7f29dd2e,Song Su,2026-04-09,12:19:46,-07:00,2026-04-09T12:19:46-07:00,6,70
projects\index.html,60,html,7f29dd2e,Song Su,2026-04-09,12:19:46,-07:00,2026-04-09T12:19:46-07:00,6,253
projects\index.html,61,html,7f29dd2e,Song Su,2026-04-09,12:19:46,-07:00,2026-04-09T12:19:46-07:00,4,8
projects\index.html,62,html,7f29dd2e,Song Su,2026-04-09,12:19:46,-07:00,2026-04-09T12:19:46-07:00,4,7
projects\index.html,63,html,7f29dd2e,Song Su,2026-04-09,12:19:46,-07:00,2026-04-09T12:19:46-07:00,6,44
projects\index.html,64,html,7f29dd2e,Song Su,2026-04-09,12:19:46,-07:00,2026-04-09T12:19:46-07:00,6,70
projects\index.html,65,html,7f29dd2e,Song Su,2026-04-09,12:19:46,-07:00,2026-04-09T12:19:46-07:00,6,218
projects\index.html,66,html,7f29dd2e,Song Su,2026-04-09,12:19:46,-07:00,2026-04-09T12:19:46-07:00,4,8
projects\index.html,67,html,7f29dd2e,Song Su,2026-04-09,12:19:46,-07:00,2026-04-09T12:19:46-07:00,4,7
projects\index.html,68,html,7f29dd2e,Song Su,2026-04-09,12:19:46,-07:00,2026-04-09T12:19:46-07:00,6,40
projects\index.html,69,html,7f29dd2e,Song Su,2026-04-09,12:19:46,-07:00,2026-04-09T12:19:46-07:00,6,70
projects\index.html,70,html,7f29dd2e,Song Su,2026-04-09,12:19:46,-07:00,2026-04-09T12:19:46-07:00,6,254
projects\index.html,71,html,7f29dd2e,Song Su,2026-04-09,12:19:46,-07:00,2026-04-09T12:19:46-07:00,4,8
projects\index.html,72,html,7f29dd2e,Song Su,2026-04-09,12:19:46,-07:00,2026-04-09T12:19:46-07:00,4,7
projects\index.html,73,html,7f29dd2e,Song Su,2026-04-09,12:19:46,-07:00,2026-04-09T12:19:46-07:00,6,43
projects\index.html,74,html,7f29dd2e,Song Su,2026-04-09,12:19:46,-07:00,2026-04-09T12:19:46-07:00,6,70
projects\index.html,75,html,7f29dd2e,Song Su,2026-04-09,12:19:46,-07:00,2026-04-09T12:19:46-07:00,6,221
projects\index.html,76,html,7f29dd2e,Song Su,2026-04-09,12:19:46,-07:00,2026-04-09T12:19:46-07:00,4,8
projects\index.html,77,html,7f29dd2e,Song Su,2026-04-09,12:19:46,-07:00,2026-04-09T12:19:46-07:00,4,7
projects\index.html,78,html,7f29dd2e,Song Su,2026-04-09,12:19:46,-07:00,2026-04-09T12:19:46-07:00,6,39
projects\index.html,79,html,7f29dd2e,Song Su,2026-04-09,12:19:46,-07:00,2026-04-09T12:19:46-07:00,6,70
projects\index.html,80,html,7f29dd2e,Song Su,2026-04-09,12:19:46,-07:00,2026-04-09T12:19:46-07:00,6,224
projects\index.html,81,html,7f29dd2e,Song Su,2026-04-09,12:19:46,-07:00,2026-04-09T12:19:46-07:00,4,8
projects\index.html,82,html,7f29dd2e,Song Su,2026-04-09,12:19:46,-07:00,2026-04-09T12:19:46-07:00,4,7
projects\index.html,83,html,7f29dd2e,Song Su,2026-04-09,12:19:46,-07:00,2026-04-09T12:19:46-07:00,6,43
projects\index.html,84,html,7f29dd2e,Song Su,2026-04-09,12:19:46,-07:00,2026-04-09T12:19:46-07:00,6,70
projects\index.html,85,html,7f29dd2e,Song Su,2026-04-09,12:19:46,-07:00,2026-04-09T12:19:46-07:00,6,228
projects\index.html,86,html,7f29dd2e,Song Su,2026-04-09,12:19:46,-07:00,2026-04-09T12:19:46-07:00,4,8
projects\index.html,87,html,7f29dd2e,Song Su,2026-04-09,12:19:46,-07:00,2026-04-09T12:19:46-07:00,4,7
projects\index.html,88,html,7f29dd2e,Song Su,2026-04-09,12:19:46,-07:00,2026-04-09T12:19:46-07:00,6,41
projects\index.html,89,html,7f29dd2e,Song Su,2026-04-09,12:19:46,-07:00,2026-04-09T12:19:46-07:00,6,70
projects\index.html,90,html,7f29dd2e,Song Su,2026-04-09,12:19:46,-07:00,2026-04-09T12:19:46-07:00,6,238
projects\index.html,91,html,cc038949,Song Su,2026-04-24,13:46:11,-07:00,2026-04-24T13:46:11-07:00,4,12
projects\index.html,92,html,7f29dd2e,Song Su,2026-04-09,12:19:46,-07:00,2026-04-09T12:19:46-07:00,2,4
projects\index.html,93,html,2e70e953,Song Su,2026-03-30,20:55:07,-07:00,2026-03-30T20:55:07-07:00,0,5
projects\index.html,94,html,2e70e953,Song Su,2026-03-30,20:55:07,-07:00,2026-03-30T20:55:07-07:00,0,5
meta\main.js,1,js,1976714d,Song Su,2026-05-08,10:32:42,-07:00,2026-05-08T10:32:42-07:00,0,63
meta\main.js,2,js,ef0efb71,Song Su,2026-05-22,03:13:41,-07:00,2026-05-22T03:13:41-07:00,0,72
meta\main.js,3,js,1976714d,Song Su,2026-05-08,10:32:42,-07:00,2026-05-08T10:32:42-07:00,0,0
meta\main.js,4,js,1976714d,Song Su,2026-05-08,10:32:42,-07:00,2026-05-08T10:32:42-07:00,0,28
meta\main.js,5,js,1976714d,Song Su,2026-05-08,10:32:42,-07:00,2026-05-08T10:32:42-07:00,0,40
meta\main.js,6,js,1976714d,Song Su,2026-05-08,10:32:42,-07:00,2026-05-08T10:32:42-07:00,0,21
meta\main.js,7,js,1976714d,Song Su,2026-05-08,10:32:42,-07:00,2026-05-08T10:32:42-07:00,0,15
meta\main.js,8,js,1976714d,Song Su,2026-05-08,10:32:42,-07:00,2026-05-08T10:32:42-07:00,0,2
meta\main.js,9,js,1976714d,Song Su,2026-05-08,10:32:42,-07:00,2026-05-08T10:32:42-07:00,0,0
meta\main.js,10,js,1976714d,Song Su,2026-05-08,10:32:42,-07:00,2026-05-08T10:32:42-07:00,0,29
meta\main.js,11,js,1976714d,Song Su,2026-05-08,10:32:42,-07:00,2026-05-08T10:32:42-07:00,0,0
meta\main.js,12,js,1976714d,Song Su,2026-05-08,10:32:42,-07:00,2026-05-08T10:32:42-07:00,0,25
meta\main.js,13,js,1976714d,Song Su,2026-05-08,10:32:42,-07:00,2026-05-08T10:32:42-07:00,1,46
meta\main.js,14,js,1976714d,Song Su,2026-05-08,10:32:42,-07:00,2026-05-08T10:32:42-07:00,2,5
meta\main.js,15,js,1976714d,Song Su,2026-05-08,10:32:42,-07:00,2026-05-08T10:32:42-07:00,2,42
meta\main.js,16,js,1976714d,Song Su,2026-05-08,10:32:42,-07:00,2026-05-08T10:32:42-07:00,2,23
meta\main.js,17,js,1976714d,Song Su,2026-05-08,10:32:42,-07:00,2026-05-08T10:32:42-07:00,2,25
meta\main.js,18,js,1976714d,Song Su,2026-05-08,10:32:42,-07:00,2026-05-08T10:32:42-07:00,2,49
meta\main.js,19,js,1976714d,Song Su,2026-05-08,10:32:42,-07:00,2026-05-08T10:32:42-07:00,2,31
meta\main.js,20,js,1976714d,Song Su,2026-05-08,10:32:42,-07:00,2026-05-08T10:32:42-07:00,1,2
meta\main.js,21,js,1976714d,Song Su,2026-05-08,10:32:42,-07:00,2026-05-08T10:32:42-07:00,0,0
meta\main.js,22,js,1976714d,Song Su,2026-05-08,10:32:42,-07:00,2026-05-08T10:32:42-07:00,1,10
meta\main.js,23,js,1976714d,Song Su,2026-05-08,10:32:42,-07:00,2026-05-08T10:32:42-07:00,0,0
meta\main.js,24,js,1976714d,Song Su,2026-05-08,10:32:42,-07:00,2026-05-08T10:32:42-07:00,0,0
meta\main.js,25,js,1976714d,Song Su,2026-05-08,10:32:42,-07:00,2026-05-08T10:32:42-07:00,0,0
meta\main.js,26,js,1976714d,Song Su,2026-05-08,10:32:42,-07:00,2026-05-08T10:32:42-07:00,0,29
meta\main.js,27,js,1976714d,Song Su,2026-05-08,10:32:42,-07:00,2026-05-08T10:32:42-07:00,1,7
meta\main.js,28,js,1976714d,Song Su,2026-05-08,10:32:42,-07:00,2026-05-08T10:32:42-07:00,2,28
meta\main.js,29,js,1976714d,Song Su,2026-05-08,10:32:42,-07:00,2026-05-08T10:32:42-07:00,2,25
meta\main.js,30,js,1976714d,Song Su,2026-05-08,10:32:42,-07:00,2026-05-08T10:32:42-07:00,3,19
meta\main.js,31,js,1976714d,Song Su,2026-05-08,10:32:42,-07:00,2026-05-08T10:32:42-07:00,3,53
meta\main.js,32,js,1976714d,Song Su,2026-05-08,10:32:42,-07:00,2026-05-08T10:32:42-07:00,3,9
meta\main.js,33,js,1976714d,Song Su,2026-05-08,10:32:42,-07:00,2026-05-08T10:32:42-07:00,4,9
meta\main.js,34,js,1976714d,Song Su,2026-05-08,10:32:42,-07:00,2026-05-08T10:32:42-07:00,4,54
meta\main.js,35,js,1976714d,Song Su,2026-05-08,10:32:42,-07:00,2026-05-08T10:32:42-07:00,4,5
meta\main.js,36,js,1976714d,Song Su,2026-05-08,10:32:42,-07:00,2026-05-08T10:32:42-07:00,4,3
meta\main.js,37,js,1976714d,Song Su,2026-05-08,10:32:42,-07:00,2026-05-08T10:32:42-07:00,4,3
meta\main.js,38,js,1976714d,Song Su,2026-05-08,10:32:42,-07:00,2026-05-08T10:32:42-07:00,4,7
meta\main.js,39,js,1976714d,Song Su,2026-05-08,10:32:42,-07:00,2026-05-08T10:32:42-07:00,4,7
meta\main.js,40,js,1976714d,Song Su,2026-05-08,10:32:42,-07:00,2026-05-08T10:32:42-07:00,4,57
meta\main.js,41,js,1976714d,Song Su,2026-05-08,10:32:42,-07:00,2026-05-08T10:32:42-07:00,4,23
meta\main.js,42,js,1976714d,Song Su,2026-05-08,10:32:42,-07:00,2026-05-08T10:32:42-07:00,3,0
meta\main.js,43,js,1976714d,Song Su,2026-05-08,10:32:42,-07:00,2026-05-08T10:32:42-07:00,0,0
meta\main.js,44,js,1976714d,Song Su,2026-05-08,10:32:42,-07:00,2026-05-08T10:32:42-07:00,3,35
meta\main.js,45,js,1976714d,Song Su,2026-05-08,10:32:42,-07:00,2026-05-08T10:32:42-07:00,4,11
meta\main.js,46,js,1976714d,Song Su,2026-05-08,10:32:42,-07:00,2026-05-08T10:32:42-07:00,4,38
meta\main.js,47,js,1976714d,Song Su,2026-05-08,10:32:42,-07:00,2026-05-08T10:32:42-07:00,4,53
meta\main.js,48,js,1976714d,Song Su,2026-05-08,10:32:42,-07:00,2026-05-08T10:32:42-07:00,4,16
meta\main.js,49,js,1976714d,Song Su,2026-05-08,10:32:42,-07:00,2026-05-08T10:32:42-07:00,3,1
meta\main.js,50,js,1976714d,Song Su,2026-05-08,10:32:42,-07:00,2026-05-08T10:32:42-07:00,0,0
meta\main.js,51,js,1976714d,Song Su,2026-05-08,10:32:42,-07:00,2026-05-08T10:32:42-07:00,3,9
meta\main.js,52,js,ef0efb71,Song Su,2026-05-22,03:13:41,-07:00,2026-05-22T03:13:41-07:00,2,0
meta\main.js,53,js,ef0efb71,Song Su,2026-05-22,03:13:41,-07:00,2026-05-22T03:13:41-07:00,2,39
meta\main.js,54,js,1976714d,Song Su,2026-05-08,10:32:42,-07:00,2026-05-08T10:32:42-07:00,0,0
meta\main.js,55,js,1976714d,Song Su,2026-05-08,10:32:42,-07:00,2026-05-08T10:32:42-07:00,0,0
meta\main.js,56,js,1976714d,Song Su,2026-05-08,10:32:42,-07:00,2026-05-08T10:32:42-07:00,0,0
meta\main.js,57,js,1976714d,Song Su,2026-05-08,10:32:42,-07:00,2026-05-08T10:32:42-07:00,0,40
meta\main.js,58,js,1976714d,Song Su,2026-05-08,10:32:42,-07:00,2026-05-08T10:32:42-07:00,1,22
meta\main.js,59,js,1976714d,Song Su,2026-05-08,10:32:42,-07:00,2026-05-08T10:32:42-07:00,1,65
meta\main.js,60,js,1976714d,Song Su,2026-05-08,10:32:42,-07:00,2026-05-08T10:32:42-07:00,0,0
meta\main.js,61,js,1976714d,Song Su,2026-05-08,10:32:42,-07:00,2026-05-08T10:32:42-07:00,1,14
meta\main.js,62,js,1976714d,Song Su,2026-05-08,10:32:42,-07:00,2026-05-08T10:32:42-07:00,1,67
meta\main.js,63,js,1976714d,Song Su,2026-05-08,10:32:42,-07:00,2026-05-08T10:32:42-07:00,1,32
meta\main.js,64,js,1976714d,Song Su,2026-05-08,10:32:42,-07:00,2026-05-08T10:32:42-07:00,0,0
meta\main.js,65,js,1976714d,Song Su,2026-05-08,10:32:42,-07:00,2026-05-08T10:32:42-07:00,1,18
meta\main.js,66,js,1976714d,Song Su,2026-05-08,10:32:42,-07:00,2026-05-08T10:32:42-07:00,1,30
meta\main.js,67,js,1976714d,Song Su,2026-05-08,10:32:42,-07:00,2026-05-08T10:32:42-07:00,1,35
meta\main.js,68,js,1976714d,Song Su,2026-05-08,10:32:42,-07:00,2026-05-08T10:32:42-07:00,0,0
meta\main.js,69,js,1976714d,Song Su,2026-05-08,10:32:42,-07:00,2026-05-08T10:32:42-07:00,1,28
meta\main.js,70,js,1976714d,Song Su,2026-05-08,10:32:42,-07:00,2026-05-08T10:32:42-07:00,1,33
meta\main.js,71,js,1976714d,Song Su,2026-05-08,10:32:42,-07:00,2026-05-08T10:32:42-07:00,1,53
meta\main.js,72,js,1976714d,Song Su,2026-05-08,10:32:42,-07:00,2026-05-08T10:32:42-07:00,0,0
meta\main.js,73,js,1976714d,Song Su,2026-05-08,10:32:42,-07:00,2026-05-08T10:32:42-07:00,1,38
meta\main.js,74,js,1976714d,Song Su,2026-05-08,10:32:42,-07:00,2026-05-08T10:32:42-07:00,1,50
meta\main.js,75,js,1976714d,Song Su,2026-05-08,10:32:42,-07:00,2026-05-08T10:32:42-07:00,0,0
meta\main.js,76,js,1976714d,Song Su,2026-05-08,10:32:42,-07:00,2026-05-08T10:32:42-07:00,1,42
meta\main.js,77,js,1976714d,Song Su,2026-05-08,10:32:42,-07:00,2026-05-08T10:32:42-07:00,1,29
meta\main.js,78,js,1976714d,Song Su,2026-05-08,10:32:42,-07:00,2026-05-08T10:32:42-07:00,2,3
meta\main.js,79,js,1976714d,Song Su,2026-05-08,10:32:42,-07:00,2026-05-08T10:32:42-07:00,2,30
meta\main.js,80,js,1976714d,Song Su,2026-05-08,10:32:42,-07:00,2026-05-08T10:32:42-07:00,2,12
meta\main.js,81,js,1976714d,Song Su,2026-05-08,10:32:42,-07:00,2026-05-08T10:32:42-07:00,1,0
meta\main.js,82,js,1976714d,Song Su,2026-05-08,10:32:42,-07:00,2026-05-08T10:32:42-07:00,1,58
meta\main.js,83,js,1976714d,Song Su,2026-05-08,10:32:42,-07:00,2026-05-08T10:32:42-07:00,1,38
meta\main.js,84,js,1976714d,Song Su,2026-05-08,10:32:42,-07:00,2026-05-08T10:32:42-07:00,0,0
meta\main.js,85,js,1976714d,Song Su,2026-05-08,10:32:42,-07:00,2026-05-08T10:32:42-07:00,0,0
meta\main.js,86,js,1976714d,Song Su,2026-05-08,10:32:42,-07:00,2026-05-08T10:32:42-07:00,0,0
meta\main.js,87,js,1976714d,Song Su,2026-05-08,10:32:42,-07:00,2026-05-08T10:32:42-07:00,0,41
meta\main.js,88,js,1976714d,Song Su,2026-05-08,10:32:42,-07:00,2026-05-08T10:32:42-07:00,1,50
meta\main.js,89,js,1976714d,Song Su,2026-05-08,10:32:42,-07:00,2026-05-08T10:32:42-07:00,1,17
meta\main.js,90,js,1976714d,Song Su,2026-05-08,10:32:42,-07:00,2026-05-08T10:32:42-07:00,1,17
meta\main.js,91,js,1976714d,Song Su,2026-05-08,10:32:42,-07:00,2026-05-08T10:32:42-07:00,1,12
meta\main.js,92,js,1976714d,Song Su,2026-05-08,10:32:42,-07:00,2026-05-08T10:32:42-07:00,2,15
meta\main.js,93,js,1976714d,Song Su,2026-05-08,10:32:42,-07:00,2026-05-08T10:32:42-07:00,2,12
meta\main.js,94,js,1976714d,Song Su,2026-05-08,10:32:42,-07:00,2026-05-08T10:32:42-07:00,2,40
meta\main.js,95,js,1976714d,Song Su,2026-05-08,10:32:42,-07:00,2026-05-08T10:32:42-07:00,2,28
meta\main.js,96,js,1976714d,Song Su,2026-05-08,10:32:42,-07:00,2026-05-08T10:32:42-07:00,1,9
meta\main.js,97,js,1976714d,Song Su,2026-05-08,10:32:42,-07:00,2026-05-08T10:32:42-07:00,2,10
meta\main.js,98,js,1976714d,Song Su,2026-05-08,10:32:42,-07:00,2026-05-08T10:32:42-07:00,2,44
meta\main.js,99,js,1976714d,Song Su,2026-05-08,10:32:42,-07:00,2026-05-08T10:32:42-07:00,2,16
meta\main.js,100,js,1976714d,Song Su,2026-05-08,10:32:42,-07:00,2026-05-08T10:32:42-07:00,2,6
meta\main.js,101,js,1976714d,Song Su,2026-05-08,10:32:42,-07:00,2026-05-08T10:32:42-07:00,0,0
meta\main.js,102,js,1976714d,Song Su,2026-05-08,10:32:42,-07:00,2026-05-08T10:32:42-07:00,1,59
meta\main.js,103,js,1976714d,Song Su,2026-05-08,10:32:42,-07:00,2026-05-08T10:32:42-07:00,1,0
meta\main.js,104,js,1976714d,Song Su,2026-05-08,10:32:42,-07:00,2026-05-08T10:32:42-07:00,1,58
meta\main.js,105,js,1976714d,Song Su,2026-05-08,10:32:42,-07:00,2026-05-08T10:32:42-07:00,0,0
meta\main.js,106,js,1976714d,Song Su,2026-05-08,10:32:42,-07:00,2026-05-08T10:32:42-07:00,1,18
meta\main.js,107,js,1976714d,Song Su,2026-05-08,10:32:42,-07:00,2026-05-08T10:32:42-07:00,2,14
meta\main.js,108,js,1976714d,Song Su,2026-05-08,10:32:42,-07:00,2026-05-08T10:32:42-07:00,2,26
meta\main.js,109,js,1976714d,Song Su,2026-05-08,10:32:42,-07:00,2026-05-08T10:32:42-07:00,2,29
meta\main.js,110,js,1976714d,Song Su,2026-05-08,10:32:42,-07:00,2026-05-08T10:32:42-07:00,2,16
meta\main.js,111,js,1976714d,Song Su,2026-05-08,10:32:42,-07:00,2026-05-08T10:32:42-07:00,2,40
meta\main.js,112,js,1976714d,Song Su,2026-05-08,10:32:42,-07:00,2026-05-08T10:32:42-07:00,2,42
meta\main.js,113,js,1976714d,Song Su,2026-05-08,10:32:42,-07:00,2026-05-08T10:32:42-07:00,1,0
meta\main.js,114,js,1976714d,Song Su,2026-05-08,10:32:42,-07:00,2026-05-08T10:32:42-07:00,0,0
meta\main.js,115,js,1976714d,Song Su,2026-05-08,10:32:42,-07:00,2026-05-08T10:32:42-07:00,1,30
meta\main.js,116,js,1976714d,Song Su,2026-05-08,10:32:42,-07:00,2026-05-08T10:32:42-07:00,1,48
meta\main.js,117,js,1976714d,Song Su,2026-05-08,10:32:42,-07:00,2026-05-08T10:32:42-07:00,1,48
meta\main.js,118,js,1976714d,Song Su,2026-05-08,10:32:42,-07:00,2026-05-08T10:32:42-07:00,0,0
meta\main.js,119,js,1976714d,Song Su,2026-05-08,10:32:42,-07:00,2026-05-08T10:32:42-07:00,1,30
meta\main.js,120,js,1976714d,Song Su,2026-05-08,10:32:42,-07:00,2026-05-08T10:32:42-07:00,1,19
meta\main.js,121,js,1976714d,Song Su,2026-05-08,10:32:42,-07:00,2026-05-08T10:32:42-07:00,2,10
meta\main.js,122,js,1976714d,Song Su,2026-05-08,10:32:42,-07:00,2026-05-08T10:32:42-07:00,2,25
meta\main.js,123,js,1976714d,Song Su,2026-05-08,10:32:42,-07:00,2026-05-08T10:32:42-07:00,2,53
meta\main.js,124,js,1976714d,Song Su,2026-05-08,10:32:42,-07:00,2026-05-08T10:32:42-07:00,0,0
meta\main.js,125,js,1976714d,Song Su,2026-05-08,10:32:42,-07:00,2026-05-08T10:32:42-07:00,1,64
meta\main.js,126,js,1976714d,Song Su,2026-05-08,10:32:42,-07:00,2026-05-08T10:32:42-07:00,1,77
meta\main.js,127,js,1976714d,Song Su,2026-05-08,10:32:42,-07:00,2026-05-08T10:32:42-07:00,1,10
meta\main.js,128,js,1976714d,Song Su,2026-05-08,10:32:42,-07:00,2026-05-08T10:32:42-07:00,1,21
meta\main.js,129,js,1976714d,Song Su,2026-05-08,10:32:42,-07:00,2026-05-08T10:32:42-07:00,1,23
meta\main.js,130,js,1976714d,Song Su,2026-05-08,10:32:42,-07:00,2026-05-08T10:32:42-07:00,1,44
meta\main.js,131,js,1976714d,Song Su,2026-05-08,10:32:42,-07:00,2026-05-08T10:32:42-07:00,1,4
meta\main.js,132,js,1976714d,Song Su,2026-05-08,10:32:42,-07:00,2026-05-08T10:32:42-07:00,0,0
meta\main.js,133,js,1976714d,Song Su,2026-05-08,10:32:42,-07:00,2026-05-08T10:32:42-07:00,1,16
meta\main.js,134,js,1976714d,Song Su,2026-05-08,10:32:42,-07:00,2026-05-08T10:32:42-07:00,1,34
meta\main.js,135,js,1976714d,Song Su,2026-05-08,10:32:42,-07:00,2026-05-08T10:32:42-07:00,1,35
meta\main.js,136,js,1976714d,Song Su,2026-05-08,10:32:42,-07:00,2026-05-08T10:32:42-07:00,1,14
meta\main.js,137,js,1976714d,Song Su,2026-05-08,10:32:42,-07:00,2026-05-08T10:32:42-07:00,2,15
meta\main.js,138,js,1976714d,Song Su,2026-05-08,10:32:42,-07:00,2026-05-08T10:32:42-07:00,2,58
meta\main.js,139,js,1976714d,Song Su,2026-05-08,10:32:42,-07:00,2026-05-08T10:32:42-07:00,0,0
meta\main.js,140,js,1976714d,Song Su,2026-05-08,10:32:42,-07:00,2026-05-08T10:32:42-07:00,1,11
meta\main.js,141,js,1976714d,Song Su,2026-05-08,10:32:42,-07:00,2026-05-08T10:32:42-07:00,1,1
meta\main.js,142,js,1976714d,Song Su,2026-05-08,10:32:42,-07:00,2026-05-08T10:32:42-07:00,2,10
meta\main.js,143,js,1976714d,Song Su,2026-05-08,10:32:42,-07:00,2026-05-08T10:32:42-07:00,2,54
meta\main.js,144,js,ef0efb71,Song Su,2026-05-22,03:13:41,-07:00,2026-05-22T03:13:41-07:00,2,52
meta\main.js,145,js,1976714d,Song Su,2026-05-08,10:32:42,-07:00,2026-05-08T10:32:42-07:00,2,11
meta\main.js,146,js,1976714d,Song Su,2026-05-08,10:32:42,-07:00,2026-05-08T10:32:42-07:00,0,0
meta\main.js,147,js,1976714d,Song Su,2026-05-08,10:32:42,-07:00,2026-05-08T10:32:42-07:00,1,11
meta\main.js,148,js,1976714d,Song Su,2026-05-08,10:32:42,-07:00,2026-05-08T10:32:42-07:00,1,1
meta\main.js,149,js,1976714d,Song Su,2026-05-08,10:32:42,-07:00,2026-05-08T10:32:42-07:00,2,10
meta\main.js,150,js,1976714d,Song Su,2026-05-08,10:32:42,-07:00,2026-05-08T10:32:42-07:00,2,52
meta\main.js,151,js,ef0efb71,Song Su,2026-05-22,03:13:41,-07:00,2026-05-22T03:13:41-07:00,2,46
meta\main.js,152,js,1976714d,Song Su,2026-05-08,10:32:42,-07:00,2026-05-08T10:32:42-07:00,2,11
meta\main.js,153,js,1976714d,Song Su,2026-05-08,10:32:42,-07:00,2026-05-08T10:32:42-07:00,1,0
meta\main.js,154,js,1976714d,Song Su,2026-05-08,10:32:42,-07:00,2026-05-08T10:32:42-07:00,1,67
meta\main.js,155,js,1976714d,Song Su,2026-05-08,10:32:42,-07:00,2026-05-08T10:32:42-07:00,0,0
meta\main.js,156,js,1976714d,Song Su,2026-05-08,10:32:42,-07:00,2026-05-08T10:32:42-07:00,1,130
meta\main.js,157,js,1976714d,Song Su,2026-05-08,10:32:42,-07:00,2026-05-08T10:32:42-07:00,1,15
meta\main.js,158,js,1976714d,Song Su,2026-05-08,10:32:42,-07:00,2026-05-08T10:32:42-07:00,1,35
meta\main.js,159,js,1976714d,Song Su,2026-05-08,10:32:42,-07:00,2026-05-08T10:32:42-07:00,1,27
meta\main.js,160,js,1976714d,Song Su,2026-05-08,10:32:42,-07:00,2026-05-08T10:32:42-07:00,1,14
meta\main.js,161,js,1976714d,Song Su,2026-05-08,10:32:42,-07:00,2026-05-08T10:32:42-07:00,0,0
meta\main.js,162,js,1976714d,Song Su,2026-05-08,10:32:42,-07:00,2026-05-08T10:32:42-07:00,1,21
meta\main.js,163,js,1976714d,Song Su,2026-05-08,10:32:42,-07:00,2026-05-08T10:32:42-07:00,2,10
meta\main.js,164,js,1976714d,Song Su,2026-05-08,10:32:42,-07:00,2026-05-08T10:32:42-07:00,2,27
meta\main.js,165,js,1976714d,Song Su,2026-05-08,10:32:42,-07:00,2026-05-08T10:32:42-07:00,2,17
meta\main.js,166,js,1976714d,Song Su,2026-05-08,10:32:42,-07:00,2026-05-08T10:32:42-07:00,0,0
meta\main.js,167,js,1976714d,Song Su,2026-05-08,10:32:42,-07:00,2026-05-08T10:32:42-07:00,1,11
meta\main.js,168,js,1976714d,Song Su,2026-05-08,10:32:42,-07:00,2026-05-08T10:32:42-07:00,1,49
meta\main.js,169,js,1976714d,Song Su,2026-05-08,10:32:42,-07:00,2026-05-08T10:32:42-07:00,0,0
meta\main.js,170,js,1976714d,Song Su,2026-05-08,10:32:42,-07:00,2026-05-08T10:32:42-07:00,2,48
meta\main.js,171,js,1976714d,Song Su,2026-05-08,10:32:42,-07:00,2026-05-08T10:32:42-07:00,1,59
meta\main.js,172,js,1976714d,Song Su,2026-05-08,10:32:42,-07:00,2026-05-08T10:32:42-07:00,0,0
meta\main.js,173,js,1976714d,Song Su,2026-05-08,10:32:42,-07:00,2026-05-08T10:32:42-07:00,1,55
meta\main.js,174,js,1976714d,Song Su,2026-05-08,10:32:42,-07:00,2026-05-08T10:32:42-07:00,1,22
meta\main.js,175,js,ef0efb71,Song Su,2026-05-22,03:13:41,-07:00,2026-05-22T03:13:41-07:00,2,31
meta\main.js,176,js,1976714d,Song Su,2026-05-08,10:32:42,-07:00,2026-05-08T10:32:42-07:00,2,13
meta\main.js,177,js,1976714d,Song Su,2026-05-08,10:32:42,-07:00,2026-05-08T10:32:42-07:00,2,36
meta\main.js,178,js,1976714d,Song Su,2026-05-08,10:32:42,-07:00,2026-05-08T10:32:42-07:00,2,36
meta\main.js,179,js,1976714d,Song Su,2026-05-08,10:32:42,-07:00,2026-05-08T10:32:42-07:00,2,37
meta\main.js,180,js,1976714d,Song Su,2026-05-08,10:32:42,-07:00,2026-05-08T10:32:42-07:00,2,53
meta\main.js,181,js,1976714d,Song Su,2026-05-08,10:32:42,-07:00,2026-05-08T10:32:42-07:00,2,36
meta\main.js,182,js,1976714d,Song Su,2026-05-08,10:32:42,-07:00,2026-05-08T10:32:42-07:00,3,79
meta\main.js,183,js,1976714d,Song Su,2026-05-08,10:32:42,-07:00,2026-05-08T10:32:42-07:00,3,27
meta\main.js,184,js,1976714d,Song Su,2026-05-08,10:32:42,-07:00,2026-05-08T10:32:42-07:00,3,28
meta\main.js,185,js,1976714d,Song Su,2026-05-08,10:32:42,-07:00,2026-05-08T10:32:42-07:00,3,27
meta\main.js,186,js,1976714d,Song Su,2026-05-08,10:32:42,-07:00,2026-05-08T10:32:42-07:00,2,0
meta\main.js,187,js,1976714d,Song Su,2026-05-08,10:32:42,-07:00,2026-05-08T10:32:42-07:00,2,28
meta\main.js,188,js,1976714d,Song Su,2026-05-08,10:32:42,-07:00,2026-05-08T10:32:42-07:00,3,116
meta\main.js,189,js,1976714d,Song Su,2026-05-08,10:32:42,-07:00,2026-05-08T10:32:42-07:00,3,29
meta\main.js,190,js,1976714d,Song Su,2026-05-08,10:32:42,-07:00,2026-05-08T10:32:42-07:00,2,1
meta\main.js,191,js,1976714d,Song Su,2026-05-08,10:32:42,-07:00,2026-05-08T10:32:42-07:00,2,23
meta\main.js,192,js,ef0efb71,Song Su,2026-05-22,03:13:41,-07:00,2026-05-22T03:13:41-07:00,0,0
meta\main.js,193,js,1976714d,Song Su,2026-05-08,10:32:42,-07:00,2026-05-08T10:32:42-07:00,0,0
meta\main.js,194,js,1976714d,Song Su,2026-05-08,10:32:42,-07:00,2026-05-08T10:32:42-07:00,0,0
meta\main.js,195,js,1976714d,Song Su,2026-05-08,10:32:42,-07:00,2026-05-08T10:32:42-07:00,0,37
meta\main.js,196,js,1976714d,Song Su,2026-05-08,10:32:42,-07:00,2026-05-08T10:32:42-07:00,1,50
meta\main.js,197,js,1976714d,Song Su,2026-05-08,10:32:42,-07:00,2026-05-08T10:32:42-07:00,1,50
meta\main.js,198,js,1976714d,Song Su,2026-05-08,10:32:42,-07:00,2026-05-08T10:32:42-07:00,1,50
meta\main.js,199,js,1976714d,Song Su,2026-05-08,10:32:42,-07:00,2026-05-08T10:32:42-07:00,1,54
meta\main.js,200,js,1976714d,Song Su,2026-05-08,10:32:42,-07:00,2026-05-08T10:32:42-07:00,1,52
meta\main.js,201,js,1976714d,Song Su,2026-05-08,10:32:42,-07:00,2026-05-08T10:32:42-07:00,0,0
meta\main.js,202,js,1976714d,Song Su,2026-05-08,10:32:42,-07:00,2026-05-08T10:32:42-07:00,1,43
meta\main.js,203,js,1976714d,Song Su,2026-05-08,10:32:42,-07:00,2026-05-08T10:32:42-07:00,0,0
meta\main.js,204,js,1976714d,Song Su,2026-05-08,10:32:42,-07:00,2026-05-08T10:32:42-07:00,1,21
meta\main.js,205,js,1976714d,Song Su,2026-05-08,10:32:42,-07:00,2026-05-08T10:32:42-07:00,1,27
meta\main.js,206,js,1976714d,Song Su,2026-05-08,10:32:42,-07:00,2026-05-08T10:32:42-07:00,1,56
meta\main.js,207,js,1976714d,Song Su,2026-05-08,10:32:42,-07:00,2026-05-08T10:32:42-07:00,2,16
meta\main.js,208,js,1976714d,Song Su,2026-05-08,10:32:42,-07:00,2026-05-08T10:32:42-07:00,1,1
meta\main.js,209,js,1976714d,Song Su,2026-05-08,10:32:42,-07:00,2026-05-08T10:32:42-07:00,1,56
meta\main.js,210,js,1976714d,Song Su,2026-05-08,10:32:42,-07:00,2026-05-08T10:32:42-07:00,2,17
meta\main.js,211,js,1976714d,Song Su,2026-05-08,10:32:42,-07:00,2026-05-08T10:32:42-07:00,1,1
meta\main.js,212,js,1976714d,Song Su,2026-05-08,10:32:42,-07:00,2026-05-08T10:32:42-07:00,1,33
meta\main.js,213,js,1976714d,Song Su,2026-05-08,10:32:42,-07:00,2026-05-08T10:32:42-07:00,1,47
meta\main.js,214,js,1976714d,Song Su,2026-05-08,10:32:42,-07:00,2026-05-08T10:32:42-07:00,0,0
meta\main.js,215,js,1976714d,Song Su,2026-05-08,10:32:42,-07:00,2026-05-08T10:32:42-07:00,0,0
meta\main.js,216,js,1976714d,Song Su,2026-05-08,10:32:42,-07:00,2026-05-08T10:32:42-07:00,0,43
meta\main.js,217,js,1976714d,Song Su,2026-05-08,10:32:42,-07:00,2026-05-08T10:32:42-07:00,1,56
meta\main.js,218,js,1976714d,Song Su,2026-05-08,10:32:42,-07:00,2026-05-08T10:32:42-07:00,1,26
meta\main.js,219,js,1976714d,Song Su,2026-05-08,10:32:42,-07:00,2026-05-08T10:32:42-07:00,0,0
meta\main.js,220,js,1976714d,Song Su,2026-05-08,10:32:42,-07:00,2026-05-08T10:32:42-07:00,0,0
meta\main.js,221,js,1976714d,Song Su,2026-05-08,10:32:42,-07:00,2026-05-08T10:32:42-07:00,0,37
meta\main.js,222,js,1976714d,Song Su,2026-05-08,10:32:42,-07:00,2026-05-08T10:32:42-07:00,1,56
meta\main.js,223,js,1976714d,Song Su,2026-05-08,10:32:42,-07:00,2026-05-08T10:32:42-07:00,1,40
meta\main.js,224,js,1976714d,Song Su,2026-05-08,10:32:42,-07:00,2026-05-08T10:32:42-07:00,1,39
meta\main.js,225,js,1976714d,Song Su,2026-05-08,10:32:42,-07:00,2026-05-08T10:32:42-07:00,0,0
meta\main.js,226,js,1976714d,Song Su,2026-05-08,10:32:42,-07:00,2026-05-08T10:32:42-07:00,0,0
meta\main.js,227,js,1976714d,Song Su,2026-05-08,10:32:42,-07:00,2026-05-08T10:32:42-07:00,0,33
meta\main.js,228,js,1976714d,Song Su,2026-05-08,10:32:42,-07:00,2026-05-08T10:32:42-07:00,1,13
meta\main.js,229,js,1976714d,Song Su,2026-05-08,10:32:42,-07:00,2026-05-08T10:32:42-07:00,1,44
meta\main.js,230,js,1976714d,Song Su,2026-05-08,10:32:42,-07:00,2026-05-08T10:32:42-07:00,0,0
meta\main.js,231,js,1976714d,Song Su,2026-05-08,10:32:42,-07:00,2026-05-08T10:32:42-07:00,1,40
meta\main.js,232,js,1976714d,Song Su,2026-05-08,10:32:42,-07:00,2026-05-08T10:32:42-07:00,1,43
meta\main.js,233,js,1976714d,Song Su,2026-05-08,10:32:42,-07:00,2026-05-08T10:32:42-07:00,0,0
meta\main.js,234,js,1976714d,Song Su,2026-05-08,10:32:42,-07:00,2026-05-08T10:32:42-07:00,0,0
meta\main.js,235,js,1976714d,Song Su,2026-05-08,10:32:42,-07:00,2026-05-08T10:32:42-07:00,0,44
meta\main.js,236,js,1976714d,Song Su,2026-05-08,10:32:42,-07:00,2026-05-08T10:32:42-07:00,1,15
meta\main.js,237,js,1976714d,Song Su,2026-05-08,10:32:42,-07:00,2026-05-08T10:32:42-07:00,2,11
meta\main.js,238,js,1976714d,Song Su,2026-05-08,10:32:42,-07:00,2026-05-08T10:32:42-07:00,1,0
meta\main.js,239,js,1976714d,Song Su,2026-05-08,10:32:42,-07:00,2026-05-08T10:32:42-07:00,1,53
meta\main.js,240,js,1976714d,Song Su,2026-05-08,10:32:42,-07:00,2026-05-08T10:32:42-07:00,1,17
meta\main.js,241,js,1976714d,Song Su,2026-05-08,10:32:42,-07:00,2026-05-08T10:32:42-07:00,1,42
meta\main.js,242,js,1976714d,Song Su,2026-05-08,10:32:42,-07:00,2026-05-08T10:32:42-07:00,1,42
meta\main.js,243,js,1976714d,Song Su,2026-05-08,10:32:42,-07:00,2026-05-08T10:32:42-07:00,1,32
meta\main.js,244,js,1976714d,Song Su,2026-05-08,10:32:42,-07:00,2026-05-08T10:32:42-07:00,1,32
meta\main.js,245,js,1976714d,Song Su,2026-05-08,10:32:42,-07:00,2026-05-08T10:32:42-07:00,1,46
meta\main.js,246,js,1976714d,Song Su,2026-05-08,10:32:42,-07:00,2026-05-08T10:32:42-07:00,0,0
meta\main.js,247,js,1976714d,Song Su,2026-05-08,10:32:42,-07:00,2026-05-08T10:32:42-07:00,0,0
meta\main.js,248,js,1976714d,Song Su,2026-05-08,10:32:42,-07:00,2026-05-08T10:32:42-07:00,0,40
meta\main.js,249,js,1976714d,Song Su,2026-05-08,10:32:42,-07:00,2026-05-08T10:32:42-07:00,1,31
meta\main.js,250,js,1976714d,Song Su,2026-05-08,10:32:42,-07:00,2026-05-08T10:32:42-07:00,2,53
meta\main.js,251,js,1976714d,Song Su,2026-05-08,10:32:42,-07:00,2026-05-08T10:32:42-07:00,2,3
meta\main.js,252,js,1976714d,Song Su,2026-05-08,10:32:42,-07:00,2026-05-08T10:32:42-07:00,0,0
meta\main.js,253,js,1976714d,Song Su,2026-05-08,10:32:42,-07:00,2026-05-08T10:32:42-07:00,1,62
meta\main.js,254,js,1976714d,Song Su,2026-05-08,10:32:42,-07:00,2026-05-08T10:32:42-07:00,1,28
meta\main.js,255,js,1976714d,Song Su,2026-05-08,10:32:42,-07:00,2026-05-08T10:32:42-07:00,2,28
meta\main.js,256,js,1976714d,Song Su,2026-05-08,10:32:42,-07:00,2026-05-08T10:32:42-07:00,1,18
meta\main.js,257,js,1976714d,Song Su,2026-05-08,10:32:42,-07:00,2026-05-08T10:32:42-07:00,0,0
meta\main.js,258,js,1976714d,Song Su,2026-05-08,10:32:42,-07:00,2026-05-08T10:32:42-07:00,1,21
meta\main.js,259,js,1976714d,Song Su,2026-05-08,10:32:42,-07:00,2026-05-08T10:32:42-07:00,0,0
meta\main.js,260,js,1976714d,Song Su,2026-05-08,10:32:42,-07:00,2026-05-08T10:32:42-07:00,0,0
meta\main.js,261,js,1976714d,Song Su,2026-05-08,10:32:42,-07:00,2026-05-08T10:32:42-07:00,0,43
meta\main.js,262,js,1976714d,Song Su,2026-05-08,10:32:42,-07:00,2026-05-08T10:32:42-07:00,1,31
meta\main.js,263,js,1976714d,Song Su,2026-05-08,10:32:42,-07:00,2026-05-08T10:32:42-07:00,2,53
meta\main.js,264,js,1976714d,Song Su,2026-05-08,10:32:42,-07:00,2026-05-08T10:32:42-07:00,2,3
meta\main.js,265,js,1976714d,Song Su,2026-05-08,10:32:42,-07:00,2026-05-08T10:32:42-07:00,1,62
meta\main.js,266,js,1976714d,Song Su,2026-05-08,10:32:42,-07:00,2026-05-08T10:32:42-07:00,0,0
meta\main.js,267,js,1976714d,Song Su,2026-05-08,10:32:42,-07:00,2026-05-08T10:32:42-07:00,1,33
meta\main.js,268,js,1976714d,Song Su,2026-05-08,10:32:42,-07:00,2026-05-08T10:32:42-07:00,2,23
meta\main.js,269,js,1976714d,Song Su,2026-05-08,10:32:42,-07:00,2026-05-08T10:32:42-07:00,2,5
meta\main.js,270,js,1976714d,Song Su,2026-05-08,10:32:42,-07:00,2026-05-08T10:32:42-07:00,1,0
meta\main.js,271,js,1976714d,Song Su,2026-05-08,10:32:42,-07:00,2026-05-08T10:32:42-07:00,1,73
meta\main.js,272,js,1976714d,Song Su,2026-05-08,10:32:42,-07:00,2026-05-08T10:32:42-07:00,1,52
meta\main.js,273,js,1976714d,Song Su,2026-05-08,10:32:42,-07:00,2026-05-08T10:32:42-07:00,0,0
meta\main.js,274,js,1976714d,Song Su,2026-05-08,10:32:42,-07:00,2026-05-08T10:32:42-07:00,1,42
meta\main.js,275,js,1976714d,Song Su,2026-05-08,10:32:42,-07:00,2026-05-08T10:32:42-07:00,1,26
meta\main.js,276,js,1976714d,Song Su,2026-05-08,10:32:42,-07:00,2026-05-08T10:32:42-07:00,2,4
meta\main.js,277,js,1976714d,Song Su,2026-05-08,10:32:42,-07:00,2026-05-08T10:32:42-07:00,2,14
meta\main.js,278,js,1976714d,Song Su,2026-05-08,10:32:42,-07:00,2026-05-08T10:32:42-07:00,2,12
meta\main.js,279,js,1976714d,Song Su,2026-05-08,10:32:42,-07:00,2026-05-08T10:32:42-07:00,1,0
meta\main.js,280,js,1976714d,Song Su,2026-05-08,10:32:42,-07:00,2026-05-08T10:32:42-07:00,0,0
meta\main.js,281,js,1976714d,Song Su,2026-05-08,10:32:42,-07:00,2026-05-08T10:32:42-07:00,1,26
meta\main.js,282,js,1976714d,Song Su,2026-05-08,10:32:42,-07:00,2026-05-08T10:32:42-07:00,1,23
meta\main.js,283,js,1976714d,Song Su,2026-05-08,10:32:42,-07:00,2026-05-08T10:32:42-07:00,0,0
meta\main.js,284,js,1976714d,Song Su,2026-05-08,10:32:42,-07:00,2026-05-08T10:32:42-07:00,1,42
meta\main.js,285,js,1976714d,Song Su,2026-05-08,10:32:42,-07:00,2026-05-08T10:32:42-07:00,2,38
meta\main.js,286,js,1976714d,Song Su,2026-05-08,10:32:42,-07:00,2026-05-08T10:32:42-07:00,2,46
meta\main.js,287,js,1976714d,Song Su,2026-05-08,10:32:42,-07:00,2026-05-08T10:32:42-07:00,0,0
meta\main.js,288,js,1976714d,Song Su,2026-05-08,10:32:42,-07:00,2026-05-08T10:32:42-07:00,2,22
meta\main.js,289,js,1976714d,Song Su,2026-05-08,10:32:42,-07:00,2026-05-08T10:32:42-07:00,6,18
meta\main.js,290,js,1976714d,Song Su,2026-05-08,10:32:42,-07:00,2026-05-08T10:32:42-07:00,6,36
meta\main.js,291,js,1976714d,Song Su,2026-05-08,10:32:42,-07:00,2026-05-08T10:32:42-07:00,4,0
meta\main.js,292,js,1976714d,Song Su,2026-05-08,10:32:42,-07:00,2026-05-08T10:32:42-07:00,1,0
meta\main.js,293,js,1976714d,Song Su,2026-05-08,10:32:42,-07:00,2026-05-08T10:32:42-07:00,0,0
meta\main.js,294,js,1976714d,Song Su,2026-05-08,10:32:42,-07:00,2026-05-08T10:32:42-07:00,0,0
meta\main.js,295,js,1976714d,Song Su,2026-05-08,10:32:42,-07:00,2026-05-08T10:32:42-07:00,0,23
meta\main.js,296,js,1976714d,Song Su,2026-05-08,10:32:42,-07:00,2026-05-08T10:32:42-07:00,1,32
meta\main.js,297,js,1976714d,Song Su,2026-05-08,10:32:42,-07:00,2026-05-08T10:32:42-07:00,1,47
meta\main.js,298,js,1976714d,Song Su,2026-05-08,10:32:42,-07:00,2026-05-08T10:32:42-07:00,2,29
meta\main.js,299,js,1976714d,Song Su,2026-05-08,10:32:42,-07:00,2026-05-08T10:32:42-07:00,1,0
meta\main.js,300,js,1976714d,Song Su,2026-05-08,10:32:42,-07:00,2026-05-08T10:32:42-07:00,1,30
meta\main.js,301,js,1976714d,Song Su,2026-05-08,10:32:42,-07:00,2026-05-08T10:32:42-07:00,1,33
meta\main.js,302,js,1976714d,Song Su,2026-05-08,10:32:42,-07:00,2026-05-08T10:32:42-07:00,0,0
meta\main.js,303,js,1976714d,Song Su,2026-05-08,10:32:42,-07:00,2026-05-08T10:32:42-07:00,0,0
meta\main.js,304,js,ef0efb71,Song Su,2026-05-22,03:13:41,-07:00,2026-05-22T03:13:41-07:00,0,41
meta\main.js,305,js,ef0efb71,Song Su,2026-05-22,03:13:41,-07:00,2026-05-22T03:13:41-07:00,1,17
meta\main.js,306,js,ef0efb71,Song Su,2026-05-22,03:13:41,-07:00,2026-05-22T03:13:41-07:00,1,17
meta\main.js,307,js,ef0efb71,Song Su,2026-05-22,03:13:41,-07:00,2026-05-22T03:13:41-07:00,1,58
meta\main.js,308,js,ef0efb71,Song Su,2026-05-22,03:13:41,-07:00,2026-05-22T03:13:41-07:00,1,18
meta\main.js,309,js,ef0efb71,Song Su,2026-05-22,03:13:41,-07:00,2026-05-22T03:13:41-07:00,2,14
meta\main.js,310,js,ef0efb71,Song Su,2026-05-22,03:13:41,-07:00,2026-05-22T03:13:41-07:00,2,26
meta\main.js,311,js,ef0efb71,Song Su,2026-05-22,03:13:41,-07:00,2026-05-22T03:13:41-07:00,2,29
meta\main.js,312,js,ef0efb71,Song Su,2026-05-22,03:13:41,-07:00,2026-05-22T03:13:41-07:00,2,16
meta\main.js,313,js,ef0efb71,Song Su,2026-05-22,03:13:41,-07:00,2026-05-22T03:13:41-07:00,2,40
meta\main.js,314,js,ef0efb71,Song Su,2026-05-22,03:13:41,-07:00,2026-05-22T03:13:41-07:00,2,42
meta\main.js,315,js,ef0efb71,Song Su,2026-05-22,03:13:41,-07:00,2026-05-22T03:13:41-07:00,1,0
meta\main.js,316,js,ef0efb71,Song Su,2026-05-22,03:13:41,-07:00,2026-05-22T03:13:41-07:00,0,0
meta\main.js,317,js,ef0efb71,Song Su,2026-05-22,03:13:41,-07:00,2026-05-22T03:13:41-07:00,1,44
meta\main.js,318,js,ef0efb71,Song Su,2026-05-22,03:13:41,-07:00,2026-05-22T03:13:41-07:00,0,0
meta\main.js,319,js,ef0efb71,Song Su,2026-05-22,03:13:41,-07:00,2026-05-22T03:13:41-07:00,1,60
meta\main.js,320,js,ef0efb71,Song Su,2026-05-22,03:13:41,-07:00,2026-05-22T03:13:41-07:00,0,0
meta\main.js,321,js,ef0efb71,Song Su,2026-05-22,03:13:41,-07:00,2026-05-22T03:13:41-07:00,1,67
meta\main.js,322,js,ef0efb71,Song Su,2026-05-22,03:13:41,-07:00,2026-05-22T03:13:41-07:00,1,72
meta\main.js,323,js,ef0efb71,Song Su,2026-05-22,03:13:41,-07:00,2026-05-22T03:13:41-07:00,0,0
meta\main.js,324,js,ef0efb71,Song Su,2026-05-22,03:13:41,-07:00,2026-05-22T03:13:41-07:00,0,0
meta\main.js,325,js,ef0efb71,Song Su,2026-05-22,03:13:41,-07:00,2026-05-22T03:13:41-07:00,1,74
meta\main.js,326,js,ef0efb71,Song Su,2026-05-22,03:13:41,-07:00,2026-05-22T03:13:41-07:00,1,4
meta\main.js,327,js,ef0efb71,Song Su,2026-05-22,03:13:41,-07:00,2026-05-22T03:13:41-07:00,1,15
meta\main.js,328,js,ef0efb71,Song Su,2026-05-22,03:13:41,-07:00,2026-05-22T03:13:41-07:00,1,59
meta\main.js,329,js,ef0efb71,Song Su,2026-05-22,03:13:41,-07:00,2026-05-22T03:13:41-07:00,1,16
meta\main.js,330,js,ef0efb71,Song Su,2026-05-22,03:13:41,-07:00,2026-05-22T03:13:41-07:00,1,40
meta\main.js,331,js,ef0efb71,Song Su,2026-05-22,03:13:41,-07:00,2026-05-22T03:13:41-07:00,1,33
meta\main.js,332,js,ef0efb71,Song Su,2026-05-22,03:13:41,-07:00,2026-05-22T03:13:41-07:00,1,37
meta\main.js,333,js,ef0efb71,Song Su,2026-05-22,03:13:41,-07:00,2026-05-22T03:13:41-07:00,0,0
meta\main.js,334,js,ef0efb71,Song Su,2026-05-22,03:13:41,-07:00,2026-05-22T03:13:41-07:00,1,32
meta\main.js,335,js,ef0efb71,Song Su,2026-05-22,03:13:41,-07:00,2026-05-22T03:13:41-07:00,0,0
meta\main.js,336,js,ef0efb71,Song Su,2026-05-22,03:13:41,-07:00,2026-05-22T03:13:41-07:00,1,59
meta\main.js,337,js,ef0efb71,Song Su,2026-05-22,03:13:41,-07:00,2026-05-22T03:13:41-07:00,1,2
meta\main.js,338,js,ef0efb71,Song Su,2026-05-22,03:13:41,-07:00,2026-05-22T03:13:41-07:00,2,18
meta\main.js,339,js,ef0efb71,Song Su,2026-05-22,03:13:41,-07:00,2026-05-22T03:13:41-07:00,2,31
meta\main.js,340,js,ef0efb71,Song Su,2026-05-22,03:13:41,-07:00,2026-05-22T03:13:41-07:00,2,13
meta\main.js,341,js,ef0efb71,Song Su,2026-05-22,03:13:41,-07:00,2026-05-22T03:13:41-07:00,2,36
meta\main.js,342,js,ef0efb71,Song Su,2026-05-22,03:13:41,-07:00,2026-05-22T03:13:41-07:00,2,36
meta\main.js,343,js,ef0efb71,Song Su,2026-05-22,03:13:41,-07:00,2026-05-22T03:13:41-07:00,2,37
meta\main.js,344,js,ef0efb71,Song Su,2026-05-22,03:13:41,-07:00,2026-05-22T03:13:41-07:00,2,24
meta\main.js,345,js,ef0efb71,Song Su,2026-05-22,03:13:41,-07:00,2026-05-22T03:13:41-07:00,2,66
meta\main.js,346,js,ef0efb71,Song Su,2026-05-22,03:13:41,-07:00,2026-05-22T03:13:41-07:00,2,36
meta\main.js,347,js,ef0efb71,Song Su,2026-05-22,03:13:41,-07:00,2026-05-22T03:13:41-07:00,3,79
meta\main.js,348,js,ef0efb71,Song Su,2026-05-22,03:13:41,-07:00,2026-05-22T03:13:41-07:00,3,27
meta\main.js,349,js,ef0efb71,Song Su,2026-05-22,03:13:41,-07:00,2026-05-22T03:13:41-07:00,3,28
meta\main.js,350,js,ef0efb71,Song Su,2026-05-22,03:13:41,-07:00,2026-05-22T03:13:41-07:00,3,27
meta\main.js,351,js,ef0efb71,Song Su,2026-05-22,03:13:41,-07:00,2026-05-22T03:13:41-07:00,2,0
meta\main.js,352,js,ef0efb71,Song Su,2026-05-22,03:13:41,-07:00,2026-05-22T03:13:41-07:00,2,28
meta\main.js,353,js,ef0efb71,Song Su,2026-05-22,03:13:41,-07:00,2026-05-22T03:13:41-07:00,3,56
meta\main.js,354,js,ef0efb71,Song Su,2026-05-22,03:13:41,-07:00,2026-05-22T03:13:41-07:00,3,29
meta\main.js,355,js,ef0efb71,Song Su,2026-05-22,03:13:41,-07:00,2026-05-22T03:13:41-07:00,2,1
meta\main.js,356,js,ef0efb71,Song Su,2026-05-22,03:13:41,-07:00,2026-05-22T03:13:41-07:00,0,0
meta\main.js,357,js,ef0efb71,Song Su,2026-05-22,03:13:41,-07:00,2026-05-22T03:13:41-07:00,0,0
meta\main.js,358,js,ef0efb71,Song Su,2026-05-22,03:13:41,-07:00,2026-05-22T03:13:41-07:00,0,40
meta\main.js,359,js,ef0efb71,Song Su,2026-05-22,03:13:41,-07:00,2026-05-22T03:13:41-07:00,1,22
meta\main.js,360,js,ef0efb71,Song Su,2026-05-22,03:13:41,-07:00,2026-05-22T03:13:41-07:00,0,0
meta\main.js,361,js,ef0efb71,Song Su,2026-05-22,03:13:41,-07:00,2026-05-22T03:13:41-07:00,1,42
meta\main.js,362,js,ef0efb71,Song Su,2026-05-22,03:13:41,-07:00,2026-05-22T03:13:41-07:00,1,65
meta\main.js,363,js,ef0efb71,Song Su,2026-05-22,03:13:41,-07:00,2026-05-22T03:13:41-07:00,1,78
meta\main.js,364,js,ef0efb71,Song Su,2026-05-22,03:13:41,-07:00,2026-05-22T03:13:41-07:00,1,14
meta\main.js,365,js,ef0efb71,Song Su,2026-05-22,03:13:41,-07:00,2026-05-22T03:13:41-07:00,1,67
meta\main.js,366,js,ef0efb71,Song Su,2026-05-22,03:13:41,-07:00,2026-05-22T03:13:41-07:00,1,40
meta\main.js,367,js,ef0efb71,Song Su,2026-05-22,03:13:41,-07:00,2026-05-22T03:13:41-07:00,0,0
meta\main.js,368,js,ef0efb71,Song Su,2026-05-22,03:13:41,-07:00,2026-05-22T03:13:41-07:00,1,18
meta\main.js,369,js,ef0efb71,Song Su,2026-05-22,03:13:41,-07:00,2026-05-22T03:13:41-07:00,1,30
meta\main.js,370,js,ef0efb71,Song Su,2026-05-22,03:13:41,-07:00,2026-05-22T03:13:41-07:00,1,35
meta\main.js,371,js,ef0efb71,Song Su,2026-05-22,03:13:41,-07:00,2026-05-22T03:13:41-07:00,0,0
meta\main.js,372,js,ef0efb71,Song Su,2026-05-22,03:13:41,-07:00,2026-05-22T03:13:41-07:00,1,28
meta\main.js,373,js,ef0efb71,Song Su,2026-05-22,03:13:41,-07:00,2026-05-22T03:13:41-07:00,1,33
meta\main.js,374,js,ef0efb71,Song Su,2026-05-22,03:13:41,-07:00,2026-05-22T03:13:41-07:00,1,61
meta\main.js,375,js,ef0efb71,Song Su,2026-05-22,03:13:41,-07:00,2026-05-22T03:13:41-07:00,0,0
meta\main.js,376,js,ef0efb71,Song Su,2026-05-22,03:13:41,-07:00,2026-05-22T03:13:41-07:00,1,38
meta\main.js,377,js,ef0efb71,Song Su,2026-05-22,03:13:41,-07:00,2026-05-22T03:13:41-07:00,1,58
meta\main.js,378,js,ef0efb71,Song Su,2026-05-22,03:13:41,-07:00,2026-05-22T03:13:41-07:00,0,0
meta\main.js,379,js,ef0efb71,Song Su,2026-05-22,03:13:41,-07:00,2026-05-22T03:13:41-07:00,1,42
meta\main.js,380,js,ef0efb71,Song Su,2026-05-22,03:13:41,-07:00,2026-05-22T03:13:41-07:00,1,29
meta\main.js,381,js,ef0efb71,Song Su,2026-05-22,03:13:41,-07:00,2026-05-22T03:13:41-07:00,2,11
meta\main.js,382,js,ef0efb71,Song Su,2026-05-22,03:13:41,-07:00,2026-05-22T03:13:41-07:00,2,30
meta\main.js,383,js,ef0efb71,Song Su,2026-05-22,03:13:41,-07:00,2026-05-22T03:13:41-07:00,2,12
meta\main.js,384,js,ef0efb71,Song Su,2026-05-22,03:13:41,-07:00,2026-05-22T03:13:41-07:00,1,0
meta\main.js,385,js,ef0efb71,Song Su,2026-05-22,03:13:41,-07:00,2026-05-22T03:13:41-07:00,1,58
meta\main.js,386,js,ef0efb71,Song Su,2026-05-22,03:13:41,-07:00,2026-05-22T03:13:41-07:00,1,38
meta\main.js,387,js,ef0efb71,Song Su,2026-05-22,03:13:41,-07:00,2026-05-22T03:13:41-07:00,0,0
meta\main.js,388,js,ef0efb71,Song Su,2026-05-22,03:13:41,-07:00,2026-05-22T03:13:41-07:00,0,0
meta\main.js,389,js,ef0efb71,Song Su,2026-05-22,03:13:41,-07:00,2026-05-22T03:13:41-07:00,0,0
meta\main.js,390,js,1976714d,Song Su,2026-05-08,10:32:42,-07:00,2026-05-08T10:32:42-07:00,0,9
meta\main.js,391,js,1976714d,Song Su,2026-05-08,10:32:42,-07:00,2026-05-08T10:32:42-07:00,0,9
meta\main.js,392,js,1976714d,Song Su,2026-05-08,10:32:42,-07:00,2026-05-08T10:32:42-07:00,0,0
meta\main.js,393,js,1976714d,Song Su,2026-05-08,10:32:42,-07:00,2026-05-08T10:32:42-07:00,0,26
meta\main.js,394,js,1976714d,Song Su,2026-05-08,10:32:42,-07:00,2026-05-08T10:32:42-07:00,0,33
meta\main.js,395,js,1976714d,Song Su,2026-05-08,10:32:42,-07:00,2026-05-08T10:32:42-07:00,0,0
meta\main.js,396,js,ef0efb71,Song Su,2026-05-22,03:13:41,-07:00,2026-05-22T03:13:41-07:00,0,23
meta\main.js,397,js,ef0efb71,Song Su,2026-05-22,03:13:41,-07:00,2026-05-22T03:13:41-07:00,0,0
meta\main.js,398,js,ef0efb71,Song Su,2026-05-22,03:13:41,-07:00,2026-05-22T03:13:41-07:00,0,16
meta\main.js,399,js,ef0efb71,Song Su,2026-05-22,03:13:41,-07:00,2026-05-22T03:13:41-07:00,1,10
meta\main.js,400,js,ef0efb71,Song Su,2026-05-22,03:13:41,-07:00,2026-05-22T03:13:41-07:00,1,7
meta\main.js,401,js,ef0efb71,Song Su,2026-05-22,03:13:41,-07:00,2026-05-22T03:13:41-07:00,2,33
meta\main.js,402,js,ef0efb71,Song Su,2026-05-22,03:13:41,-07:00,2026-05-22T03:13:41-07:00,2,33
meta\main.js,403,js,ef0efb71,Song Su,2026-05-22,03:13:41,-07:00,2026-05-22T03:13:41-07:00,1,0
meta\main.js,404,js,ef0efb71,Song Su,2026-05-22,03:13:41,-07:00,2026-05-22T03:13:41-07:00,1,15
meta\main.js,405,js,ef0efb71,Song Su,2026-05-22,03:13:41,-07:00,2026-05-22T03:13:41-07:00,0,0
meta\main.js,406,js,ef0efb71,Song Su,2026-05-22,03:13:41,-07:00,2026-05-22T03:13:41-07:00,0,51
meta\main.js,407,js,ef0efb71,Song Su,2026-05-22,03:13:41,-07:00,2026-05-22T03:13:41-07:00,0,0
meta\main.js,408,js,ef0efb71,Song Su,2026-05-22,03:13:41,-07:00,2026-05-22T03:13:41-07:00,0,69
meta\main.js,409,js,ef0efb71,Song Su,2026-05-22,03:13:41,-07:00,2026-05-22T03:13:41-07:00,0,69
meta\main.js,410,js,ef0efb71,Song Su,2026-05-22,03:13:41,-07:00,2026-05-22T03:13:41-07:00,0,0
meta\main.js,411,js,ef0efb71,Song Su,2026-05-22,03:13:41,-07:00,2026-05-22T03:13:41-07:00,0,28
meta\main.js,412,js,ef0efb71,Song Su,2026-05-22,03:13:41,-07:00,2026-05-22T03:13:41-07:00,0,0
meta\main.js,413,js,ef0efb71,Song Su,2026-05-22,03:13:41,-07:00,2026-05-22T03:13:41-07:00,0,0
meta\main.js,414,js,ef0efb71,Song Su,2026-05-22,03:13:41,-07:00,2026-05-22T03:13:41-07:00,0,0
meta\main.js,415,js,ef0efb71,Song Su,2026-05-22,03:13:41,-07:00,2026-05-22T03:13:41-07:00,0,28
meta\main.js,416,js,ef0efb71,Song Su,2026-05-22,03:13:41,-07:00,2026-05-22T03:13:41-07:00,1,49
meta\main.js,417,js,ef0efb71,Song Su,2026-05-22,03:13:41,-07:00,2026-05-22T03:13:41-07:00,1,47
meta\main.js,418,js,ef0efb71,Song Su,2026-05-22,03:13:41,-07:00,2026-05-22T03:13:41-07:00,1,65
meta\main.js,419,js,ef0efb71,Song Su,2026-05-22,03:13:41,-07:00,2026-05-22T03:13:41-07:00,2,16
meta\main.js,420,js,ef0efb71,Song Su,2026-05-22,03:13:41,-07:00,2026-05-22T03:13:41-07:00,2,17
meta\main.js,421,js,ef0efb71,Song Su,2026-05-22,03:13:41,-07:00,2026-05-22T03:13:41-07:00,1,1
meta\main.js,422,js,ef0efb71,Song Su,2026-05-22,03:13:41,-07:00,2026-05-22T03:13:41-07:00,1,67
meta\main.js,423,js,ef0efb71,Song Su,2026-05-22,03:13:41,-07:00,2026-05-22T03:13:41-07:00,1,39
meta\main.js,424,js,ef0efb71,Song Su,2026-05-22,03:13:41,-07:00,2026-05-22T03:13:41-07:00,1,38
meta\main.js,425,js,ef0efb71,Song Su,2026-05-22,03:13:41,-07:00,2026-05-22T03:13:41-07:00,1,33
meta\main.js,426,js,ef0efb71,Song Su,2026-05-22,03:13:41,-07:00,2026-05-22T03:13:41-07:00,0,0
meta\main.js,427,js,ef0efb71,Song Su,2026-05-22,03:13:41,-07:00,2026-05-22T03:13:41-07:00,0,0
meta\main.js,428,js,ef0efb71,Song Su,2026-05-22,03:13:41,-07:00,2026-05-22T03:13:41-07:00,0,42
meta\main.js,429,js,ef0efb71,Song Su,2026-05-22,03:13:41,-07:00,2026-05-22T03:13:41-07:00,1,50
meta\main.js,430,js,ef0efb71,Song Su,2026-05-22,03:13:41,-07:00,2026-05-22T03:13:41-07:00,1,47
meta\main.js,431,js,ef0efb71,Song Su,2026-05-22,03:13:41,-07:00,2026-05-22T03:13:41-07:00,1,12
meta\main.js,432,js,ef0efb71,Song Su,2026-05-22,03:13:41,-07:00,2026-05-22T03:13:41-07:00,1,27
meta\main.js,433,js,ef0efb71,Song Su,2026-05-22,03:13:41,-07:00,2026-05-22T03:13:41-07:00,1,23
meta\main.js,434,js,ef0efb71,Song Su,2026-05-22,03:13:41,-07:00,2026-05-22T03:13:41-07:00,2,21
meta\main.js,435,js,ef0efb71,Song Su,2026-05-22,03:13:41,-07:00,2026-05-22T03:13:41-07:00,1,0
meta\main.js,436,js,ef0efb71,Song Su,2026-05-22,03:13:41,-07:00,2026-05-22T03:13:41-07:00,1,47
meta\main.js,437,js,ef0efb71,Song Su,2026-05-22,03:13:41,-07:00,2026-05-22T03:13:41-07:00,1,21
meta\main.js,438,js,ef0efb71,Song Su,2026-05-22,03:13:41,-07:00,2026-05-22T03:13:41-07:00,2,15
meta\main.js,439,js,ef0efb71,Song Su,2026-05-22,03:13:41,-07:00,2026-05-22T03:13:41-07:00,2,15
meta\main.js,440,js,ef0efb71,Song Su,2026-05-22,03:13:41,-07:00,2026-05-22T03:13:41-07:00,2,25
meta\main.js,441,js,ef0efb71,Song Su,2026-05-22,03:13:41,-07:00,2026-05-22T03:13:41-07:00,2,4
meta\main.js,442,js,ef0efb71,Song Su,2026-05-22,03:13:41,-07:00,2026-05-22T03:13:41-07:00,3,55
meta\main.js,443,js,ef0efb71,Song Su,2026-05-22,03:13:41,-07:00,2026-05-22T03:13:41-07:00,3,8
meta\main.js,444,js,ef0efb71,Song Su,2026-05-22,03:13:41,-07:00,2026-05-22T03:13:41-07:00,4,33
meta\main.js,445,js,ef0efb71,Song Su,2026-05-22,03:13:41,-07:00,2026-05-22T03:13:41-07:00,5,53
meta\main.js,446,js,ef0efb71,Song Su,2026-05-22,03:13:41,-07:00,2026-05-22T03:13:41-07:00,5,15
meta\main.js,447,js,ef0efb71,Song Su,2026-05-22,03:13:41,-07:00,2026-05-22T03:13:41-07:00,4,1
meta\main.js,448,js,ef0efb71,Song Su,2026-05-22,03:13:41,-07:00,2026-05-22T03:13:41-07:00,3,15
meta\main.js,449,js,ef0efb71,Song Su,2026-05-22,03:13:41,-07:00,2026-05-22T03:13:41-07:00,3,19
meta\main.js,450,js,ef0efb71,Song Su,2026-05-22,03:13:41,-07:00,2026-05-22T03:13:41-07:00,2,0
meta\main.js,451,js,ef0efb71,Song Su,2026-05-22,03:13:41,-07:00,2026-05-22T03:13:41-07:00,1,53
meta\main.js,452,js,ef0efb71,Song Su,2026-05-22,03:13:41,-07:00,2026-05-22T03:13:41-07:00,1,73
meta\main.js,453,js,ef0efb71,Song Su,2026-05-22,03:13:41,-07:00,2026-05-22T03:13:41-07:00,1,29
meta\main.js,454,js,ef0efb71,Song Su,2026-05-22,03:13:41,-07:00,2026-05-22T03:13:41-07:00,1,12
meta\main.js,455,js,ef0efb71,Song Su,2026-05-22,03:13:41,-07:00,2026-05-22T03:13:41-07:00,2,11
meta\main.js,456,js,ef0efb71,Song Su,2026-05-22,03:13:41,-07:00,2026-05-22T03:13:41-07:00,2,15
meta\main.js,457,js,ef0efb71,Song Su,2026-05-22,03:13:41,-07:00,2026-05-22T03:13:41-07:00,2,19
meta\main.js,458,js,ef0efb71,Song Su,2026-05-22,03:13:41,-07:00,2026-05-22T03:13:41-07:00,2,10
meta\main.js,459,js,ef0efb71,Song Su,2026-05-22,03:13:41,-07:00,2026-05-22T03:13:41-07:00,2,19
meta\main.js,460,js,ef0efb71,Song Su,2026-05-22,03:13:41,-07:00,2026-05-22T03:13:41-07:00,2,50
meta\main.js,461,js,ef0efb71,Song Su,2026-05-22,03:13:41,-07:00,2026-05-22T03:13:41-07:00,2,0
meta\main.js,462,js,ef0efb71,Song Su,2026-05-22,03:13:41,-07:00,2026-05-22T03:13:41-07:00,0,0
meta\main.js,463,js,ef0efb71,Song Su,2026-05-22,03:13:41,-07:00,2026-05-22T03:13:41-07:00,0,0
meta\main.js,464,js,ef0efb71,Song Su,2026-05-22,03:13:41,-07:00,2026-05-22T03:13:41-07:00,0,33
meta\main.js,465,js,ef0efb71,Song Su,2026-05-22,03:13:41,-07:00,2026-05-22T03:13:41-07:00,0,0
meta\main.js,466,js,ef0efb71,Song Su,2026-05-22,03:13:41,-07:00,2026-05-22T03:13:41-07:00,0,0
meta\main.js,467,js,1976714d,Song Su,2026-05-08,10:32:42,-07:00,2026-05-08T10:32:42-07:00,0,30
meta\main.js,468,js,ef0efb71,Song Su,2026-05-22,03:13:41,-07:00,2026-05-22T03:13:41-07:00,0,31
meta\main.js,469,js,ef0efb71,Song Su,2026-05-22,03:13:41,-07:00,2026-05-22T03:13:41-07:00,0,0
meta\main.js,470,js,ef0efb71,Song Su,2026-05-22,03:13:41,-07:00,2026-05-22T03:13:41-07:00,0,64
meta\main.js,471,js,ef0efb71,Song Su,2026-05-22,03:13:41,-07:00,2026-05-22T03:13:41-07:00,0,0
meta\main.js,472,js,ef0efb71,Song Su,2026-05-22,03:13:41,-07:00,2026-05-22T03:13:41-07:00,0,19
meta\main.js,473,js,ef0efb71,Song Su,2026-05-22,03:13:41,-07:00,2026-05-22T03:13:41-07:00,0,0
meta\main.js,474,js,ef0efb71,Song Su,2026-05-22,03:13:41,-07:00,2026-05-22T03:13:41-07:00,0,25
meta\main.js,475,js,ef0efb71,Song Su,2026-05-22,03:13:41,-07:00,2026-05-22T03:13:41-07:00,1,17
meta\main.js,476,js,ef0efb71,Song Su,2026-05-22,03:13:41,-07:00,2026-05-22T03:13:41-07:00,1,12
meta\main.js,477,js,ef0efb71,Song Su,2026-05-22,03:13:41,-07:00,2026-05-22T03:13:41-07:00,1,10
meta\main.js,478,js,ef0efb71,Song Su,2026-05-22,03:13:41,-07:00,2026-05-22T03:13:41-07:00,1,20
meta\main.js,479,js,ef0efb71,Song Su,2026-05-22,03:13:41,-07:00,2026-05-22T03:13:41-07:00,1,4
meta\main.js,480,js,ef0efb71,Song Su,2026-05-22,03:13:41,-07:00,2026-05-22T03:13:41-07:00,2,9
meta\main.js,481,js,ef0efb71,Song Su,2026-05-22,03:13:41,-07:00,2026-05-22T03:13:41-07:00,0,36
meta\main.js,482,js,ef0efb71,Song Su,2026-05-22,03:13:41,-07:00,2026-05-22T03:13:41-07:00,3,16
meta\main.js,483,js,ef0efb71,Song Su,2026-05-22,03:13:41,-07:00,2026-05-22T03:13:41-07:00,3,17
meta\main.js,484,js,ef0efb71,Song Su,2026-05-22,03:13:41,-07:00,2026-05-22T03:13:41-07:00,2,2
meta\main.js,485,js,ef0efb71,Song Su,2026-05-22,03:13:41,-07:00,2026-05-22T03:13:41-07:00,0,42
meta\main.js,486,js,ef0efb71,Song Su,2026-05-22,03:13:41,-07:00,2026-05-22T03:13:41-07:00,3,72
meta\main.js,487,js,ef0efb71,Song Su,2026-05-22,03:13:41,-07:00,2026-05-22T03:13:41-07:00,2,4
meta\main.js,488,js,ef0efb71,Song Su,2026-05-22,03:13:41,-07:00,2026-05-22T03:13:41-07:00,0,38
meta\main.js,489,js,ef0efb71,Song Su,2026-05-22,03:13:41,-07:00,2026-05-22T03:13:41-07:00,3,9
meta\main.js,490,js,ef0efb71,Song Su,2026-05-22,03:13:41,-07:00,2026-05-22T03:13:41-07:00,4,6
meta\main.js,491,js,ef0efb71,Song Su,2026-05-22,03:13:41,-07:00,2026-05-22T03:13:41-07:00,4,14
meta\main.js,492,js,ef0efb71,Song Su,2026-05-22,03:13:41,-07:00,2026-05-22T03:13:41-07:00,4,12
meta\main.js,493,js,ef0efb71,Song Su,2026-05-22,03:13:41,-07:00,2026-05-22T03:13:41-07:00,3,6
meta\main.js,494,js,ef0efb71,Song Su,2026-05-22,03:13:41,-07:00,2026-05-22T03:13:41-07:00,2,6
meta\main.js,495,js,ef0efb71,Song Su,2026-05-22,03:13:41,-07:00,2026-05-22T03:13:41-07:00,0,65
meta\main.js,496,js,ef0efb71,Song Su,2026-05-22,03:13:41,-07:00,2026-05-22T03:13:41-07:00,0,0
meta\main.js,497,js,ef0efb71,Song Su,2026-05-22,03:13:41,-07:00,2026-05-22T03:13:41-07:00,1,0
meta\main.js,498,js,ef0efb71,Song Su,2026-05-22,03:13:41,-07:00,2026-05-22T03:13:41-07:00,0,0
meta\main.js,499,js,ef0efb71,Song Su,2026-05-22,03:13:41,-07:00,2026-05-22T03:13:41-07:00,0,27
meta\main.js,500,js,ef0efb71,Song Su,2026-05-22,03:13:41,-07:00,2026-05-22T03:13:41-07:00,0,6
meta\main.js,501,js,ef0efb71,Song Su,2026-05-22,03:13:41,-07:00,2026-05-22T03:13:41-07:00,1,6
meta\main.js,502,js,ef0efb71,Song Su,2026-05-22,03:13:41,-07:00,2026-05-22T03:13:41-07:00,2,22
meta\main.js,503,js,ef0efb71,Song Su,2026-05-22,03:13:41,-07:00,2026-05-22T03:13:41-07:00,2,23
meta\main.js,504,js,ef0efb71,Song Su,2026-05-22,03:13:41,-07:00,2026-05-22T03:13:41-07:00,1,0
meta\main.js,505,js,ef0efb71,Song Su,2026-05-22,03:13:41,-07:00,2026-05-22T03:13:41-07:00,1,24
meta\main.js,506,js,ef0efb71,Song Su,2026-05-22,03:13:41,-07:00,2026-05-22T03:13:41-07:00,0,0
meta\main.js,507,js,ef0efb71,Song Su,2026-05-22,03:13:41,-07:00,2026-05-22T03:13:41-07:00,0,30
meta\main.js,508,js,ef0efb71,Song Su,2026-05-22,03:13:41,-07:00,2026-05-22T03:13:41-07:00,1,46
meta\main.js,509,js,ef0efb71,Song Su,2026-05-22,03:13:41,-07:00,2026-05-22T03:13:41-07:00,1,39
meta\main.js,510,js,ef0efb71,Song Su,2026-05-22,03:13:41,-07:00,2026-05-22T03:13:41-07:00,0,0
meta\main.js,511,js,ef0efb71,Song Su,2026-05-22,03:13:41,-07:00,2026-05-22T03:13:41-07:00,1,30
meta\main.js,512,js,ef0efb71,Song Su,2026-05-22,03:13:41,-07:00,2026-05-22T03:13:41-07:00,1,40
meta\main.js,513,js,ef0efb71,Song Su,2026-05-22,03:13:41,-07:00,2026-05-22T03:13:41-07:00,1,41
meta\main.js,514,js,ef0efb71,Song Su,2026-05-22,03:13:41,-07:00,2026-05-22T03:13:41-07:00,1,65
meta\main.js,515,js,ef0efb71,Song Su,2026-05-22,03:13:41,-07:00,2026-05-22T03:13:41-07:00,2,16
meta\main.js,516,js,ef0efb71,Song Su,2026-05-22,03:13:41,-07:00,2026-05-22T03:13:41-07:00,2,17
meta\main.js,517,js,ef0efb71,Song Su,2026-05-22,03:13:41,-07:00,2026-05-22T03:13:41-07:00,1,1
meta\main.js,518,js,ef0efb71,Song Su,2026-05-22,03:13:41,-07:00,2026-05-22T03:13:41-07:00,0,0
meta\main.js,519,js,ef0efb71,Song Su,2026-05-22,03:13:41,-07:00,2026-05-22T03:13:41-07:00,1,67
meta\main.js,520,js,ef0efb71,Song Su,2026-05-22,03:13:41,-07:00,2026-05-22T03:13:41-07:00,1,39
meta\main.js,521,js,ef0efb71,Song Su,2026-05-22,03:13:41,-07:00,2026-05-22T03:13:41-07:00,1,33
meta\main.js,522,js,ef0efb71,Song Su,2026-05-22,03:13:41,-07:00,2026-05-22T03:13:41-07:00,1,38
meta\main.js,523,js,ef0efb71,Song Su,2026-05-22,03:13:41,-07:00,2026-05-22T03:13:41-07:00,0,0
meta\main.js,524,js,ef0efb71,Song Su,2026-05-22,03:13:41,-07:00,2026-05-22T03:13:41-07:00,0,0
meta\index.html,1,html,1976714d,Song Su,2026-05-08,10:32:42,-07:00,2026-05-08T10:32:42-07:00,0,13
meta\index.html,2,html,1976714d,Song Su,2026-05-08,10:32:42,-07:00,2026-05-08T10:32:42-07:00,0,14
meta\index.html,3,html,1976714d,Song Su,2026-05-08,10:32:42,-07:00,2026-05-08T10:32:42-07:00,0,4
meta\index.html,4,html,1976714d,Song Su,2026-05-08,10:32:42,-07:00,2026-05-08T10:32:42-07:00,2,20
meta\index.html,5,html,1976714d,Song Su,2026-05-08,10:32:42,-07:00,2026-05-08T10:32:42-07:00,2,68
meta\index.html,6,html,1976714d,Song Su,2026-05-08,10:32:42,-07:00,2026-05-08T10:32:42-07:00,2,17
meta\index.html,7,html,1976714d,Song Su,2026-05-08,10:32:42,-07:00,2026-05-08T10:32:42-07:00,2,41
meta\index.html,8,html,1976714d,Song Su,2026-05-08,10:32:42,-07:00,2026-05-08T10:32:42-07:00,2,48
meta\index.html,9,html,1976714d,Song Su,2026-05-08,10:32:42,-07:00,2026-05-08T10:32:42-07:00,2,45
meta\index.html,10,html,1976714d,Song Su,2026-05-08,10:32:42,-07:00,2026-05-08T10:32:42-07:00,0,5
meta\index.html,11,html,ef0efb71,Song Su,2026-05-22,03:13:41,-07:00,2026-05-22T03:13:41-07:00,0,17
meta\index.html,12,html,1976714d,Song Su,2026-05-08,10:32:42,-07:00,2026-05-08T10:32:42-07:00,2,11
meta\index.html,13,html,1976714d,Song Su,2026-05-08,10:32:42,-07:00,2026-05-08T10:32:42-07:00,2,61
meta\index.html,14,html,ef0efb71,Song Su,2026-05-22,03:13:41,-07:00,2026-05-22T03:13:41-07:00,2,15
meta\index.html,15,html,ef0efb71,Song Su,2026-05-22,03:13:41,-07:00,2026-05-22T03:13:41-07:00,4,24
meta\index.html,16,html,ef0efb71,Song Su,2026-05-22,03:13:41,-07:00,2026-05-22T03:13:41-07:00,6,68
meta\index.html,17,html,ef0efb71,Song Su,2026-05-22,03:13:41,-07:00,2026-05-22T03:13:41-07:00,6,35
meta\index.html,18,html,ef0efb71,Song Su,2026-05-22,03:13:41,-07:00,2026-05-22T03:13:41-07:00,4,6
meta\index.html,19,html,ef0efb71,Song Su,2026-05-22,03:13:41,-07:00,2026-05-22T03:13:41-07:00,2,4
meta\index.html,20,html,ef0efb71,Song Su,2026-05-22,03:13:41,-07:00,2026-05-22T03:13:41-07:00,2,18
meta\index.html,21,html,ef0efb71,Song Su,2026-05-22,03:13:41,-07:00,2026-05-22T03:13:41-07:00,4,29
meta\index.html,22,html,ef0efb71,Song Su,2026-05-22,03:13:41,-07:00,2026-05-22T03:13:41-07:00,4,21
meta\index.html,23,html,ef0efb71,Song Su,2026-05-22,03:13:41,-07:00,2026-05-22T03:13:41-07:00,6,20
meta\index.html,24,html,ef0efb71,Song Su,2026-05-22,03:13:41,-07:00,2026-05-22T03:13:41-07:00,6,29
meta\index.html,25,html,ef0efb71,Song Su,2026-05-22,03:13:41,-07:00,2026-05-22T03:13:41-07:00,6,20
meta\index.html,26,html,ef0efb71,Song Su,2026-05-22,03:13:41,-07:00,2026-05-22T03:13:41-07:00,6,50
meta\index.html,27,html,ef0efb71,Song Su,2026-05-22,03:13:41,-07:00,2026-05-22T03:13:41-07:00,8,13
meta\index.html,28,html,ef0efb71,Song Su,2026-05-22,03:13:41,-07:00,2026-05-22T03:13:41-07:00,8,2
meta\index.html,29,html,ef0efb71,Song Su,2026-05-22,03:13:41,-07:00,2026-05-22T03:13:41-07:00,10,46
meta\index.html,30,html,ef0efb71,Song Su,2026-05-22,03:13:41,-07:00,2026-05-22T03:13:41-07:00,8,3
meta\index.html,31,html,1976714d,Song Su,2026-05-08,10:32:42,-07:00,2026-05-08T10:32:42-07:00,0,0
meta\index.html,32,html,ef0efb71,Song Su,2026-05-22,03:13:41,-07:00,2026-05-22T03:13:41-07:00,8,11
meta\index.html,33,html,ef0efb71,Song Su,2026-05-22,03:13:41,-07:00,2026-05-22T03:13:41-07:00,8,24
meta\index.html,34,html,1976714d,Song Su,2026-05-08,10:32:42,-07:00,2026-05-08T10:32:42-07:00,0,0
meta\index.html,35,html,ef0efb71,Song Su,2026-05-22,03:13:41,-07:00,2026-05-22T03:13:41-07:00,8,38
meta\index.html,36,html,ef0efb71,Song Su,2026-05-22,03:13:41,-07:00,2026-05-22T03:13:41-07:00,8,11
meta\index.html,37,html,ef0efb71,Song Su,2026-05-22,03:13:41,-07:00,2026-05-22T03:13:41-07:00,8,24
meta\index.html,38,html,1976714d,Song Su,2026-05-08,10:32:42,-07:00,2026-05-08T10:32:42-07:00,0,0
meta\index.html,39,html,ef0efb71,Song Su,2026-05-22,03:13:41,-07:00,2026-05-22T03:13:41-07:00,8,13
meta\index.html,40,html,ef0efb71,Song Su,2026-05-22,03:13:41,-07:00,2026-05-22T03:13:41-07:00,8,26
meta\index.html,41,html,1976714d,Song Su,2026-05-08,10:32:42,-07:00,2026-05-08T10:32:42-07:00,0,0
meta\index.html,42,html,ef0efb71,Song Su,2026-05-22,03:13:41,-07:00,2026-05-22T03:13:41-07:00,8,19
meta\index.html,43,html,ef0efb71,Song Su,2026-05-22,03:13:41,-07:00,2026-05-22T03:13:41-07:00,8,25
meta\index.html,44,html,ef0efb71,Song Su,2026-05-22,03:13:41,-07:00,2026-05-22T03:13:41-07:00,6,3
meta\index.html,45,html,9991411c,Song Su,2026-05-22,03:29:55,-07:00,2026-05-22T03:29:55-07:00,6,45
meta\index.html,46,html,ef0efb71,Song Su,2026-05-22,03:13:41,-07:00,2026-05-22T03:13:41-07:00,0,0
meta\index.html,47,html,9991411c,Song Su,2026-05-22,03:29:55,-07:00,2026-05-22T03:29:55-07:00,6,45
meta\index.html,48,html,9991411c,Song Su,2026-05-22,03:29:55,-07:00,2026-05-22T03:29:55-07:00,8,13
meta\index.html,49,html,9991411c,Song Su,2026-05-22,03:29:55,-07:00,2026-05-22T03:29:55-07:00,6,49
meta\index.html,50,html,9991411c,Song Su,2026-05-22,03:29:55,-07:00,2026-05-22T03:29:55-07:00,6,3
meta\index.html,51,html,9991411c,Song Su,2026-05-22,03:29:55,-07:00,2026-05-22T03:29:55-07:00,8,2
meta\index.html,52,html,9991411c,Song Su,2026-05-22,03:29:55,-07:00,2026-05-22T03:29:55-07:00,8,22
meta\index.html,53,html,9991411c,Song Su,2026-05-22,03:29:55,-07:00,2026-05-22T03:29:55-07:00,8,3
meta\index.html,54,html,9991411c,Song Su,2026-05-22,03:29:55,-07:00,2026-05-22T03:29:55-07:00,8,32
meta\index.html,55,html,9991411c,Song Su,2026-05-22,03:29:55,-07:00,2026-05-22T03:29:55-07:00,6,4
meta\index.html,56,html,9991411c,Song Su,2026-05-22,03:29:55,-07:00,2026-05-22T03:29:55-07:00,6,1
meta\index.html,57,html,9991411c,Song Su,2026-05-22,03:29:55,-07:00,2026-05-22T03:29:55-07:00,6,3
meta\index.html,58,html,9991411c,Song Su,2026-05-22,03:29:55,-07:00,2026-05-22T03:29:55-07:00,4,4
meta\index.html,59,html,ef0efb71,Song Su,2026-05-22,03:13:41,-07:00,2026-05-22T03:13:41-07:00,2,4
meta\index.html,60,html,1976714d,Song Su,2026-05-08,10:32:42,-07:00,2026-05-08T10:32:42-07:00,0,5
meta\index.html,61,html,1976714d,Song Su,2026-05-08,10:32:42,-07:00,2026-05-08T10:32:42-07:00,0,5
contact\index.html,1,html,2e70e953,Song Su,2026-03-30,20:55:07,-07:00,2026-03-30T20:55:07-07:00,0,13
contact\index.html,2,html,2e70e953,Song Su,2026-03-30,20:55:07,-07:00,2026-03-30T20:55:07-07:00,0,14
contact\index.html,3,html,2e70e953,Song Su,2026-03-30,20:55:07,-07:00,2026-03-30T20:55:07-07:00,0,4
contact\index.html,4,html,2e70e953,Song Su,2026-03-30,20:55:07,-07:00,2026-03-30T20:55:07-07:00,2,20
contact\index.html,5,html,2e70e953,Song Su,2026-03-30,20:55:07,-07:00,2026-03-30T20:55:07-07:00,2,68
contact\index.html,6,html,2e70e953,Song Su,2026-03-30,20:55:07,-07:00,2026-03-30T20:55:07-07:00,2,20
contact\index.html,7,html,0de407ef,Song Su,2026-04-01,13:53:06,-07:00,2026-04-01T13:53:06-07:00,2,41
contact\index.html,8,html,dd99e957,Song Su,2026-04-18,15:55:42,-07:00,2026-04-18T15:55:42-07:00,2,48
contact\index.html,9,html,2e70e953,Song Su,2026-03-30,20:55:07,-07:00,2026-03-30T20:55:07-07:00,0,5
contact\index.html,10,html,2e70e953,Song Su,2026-03-30,20:55:07,-07:00,2026-03-30T20:55:07-07:00,0,4
contact\index.html,11,html,ebabdb4c,Song Su,2026-04-17,16:14:39,-07:00,2026-04-17T16:14:39-07:00,0,0
contact\index.html,12,html,2e70e953,Song Su,2026-03-30,20:55:07,-07:00,2026-03-30T20:55:07-07:00,2,14
contact\index.html,13,html,dd99e957,Song Su,2026-04-18,15:55:42,-07:00,2026-04-18T15:55:42-07:00,2,56
contact\index.html,14,html,dd99e957,Song Su,2026-04-18,15:55:42,-07:00,2026-04-18T15:55:42-07:00,4,16
contact\index.html,15,html,b68c5a47,Song Su,2026-03-31,13:22:44,-07:00,2026-03-31T13:22:44-07:00,6,31
contact\index.html,16,html,dd99e957,Song Su,2026-04-18,15:55:42,-07:00,2026-04-18T15:55:42-07:00,4,10
contact\index.html,17,html,b68c5a47,Song Su,2026-03-31,13:22:44,-07:00,2026-03-31T13:22:44-07:00,4,13
contact\index.html,18,html,b68c5a47,Song Su,2026-03-31,13:22:44,-07:00,2026-03-31T13:22:44-07:00,6,20
contact\index.html,19,html,b68c5a47,Song Su,2026-03-31,13:22:44,-07:00,2026-03-31T13:22:44-07:00,4,6
contact\index.html,20,html,2288972a,Song Su,2026-03-30,21:30:37,-07:00,2026-03-30T21:30:37-07:00,0,0
contact\index.html,21,html,7f29dd2e,Song Su,2026-04-09,12:19:46,-07:00,2026-04-09T12:19:46-07:00,4,13
contact\index.html,22,html,b68c5a47,Song Su,2026-03-31,13:22:44,-07:00,2026-03-31T13:22:44-07:00,6,31
contact\index.html,23,html,b68c5a47,Song Su,2026-03-31,13:22:44,-07:00,2026-03-31T13:22:44-07:00,4,6
contact\index.html,24,html,b68c5a47,Song Su,2026-03-31,13:22:44,-07:00,2026-03-31T13:22:44-07:00,4,0
contact\index.html,25,html,7f29dd2e,Song Su,2026-04-09,12:19:46,-07:00,2026-04-09T12:19:46-07:00,4,19
contact\index.html,26,html,2288972a,Song Su,2026-03-30,21:30:37,-07:00,2026-03-30T21:30:37-07:00,2,5
contact\index.html,27,html,2e70e953,Song Su,2026-03-30,20:55:07,-07:00,2026-03-30T20:55:07-07:00,0,5
contact\index.html,28,html,2e70e953,Song Su,2026-03-30,20:55:07,-07:00,2026-03-30T20:55:07-07:00,0,5
